epoch,loss,trait_1_accuracy,trait_1_loss,trait_2_accuracy,trait_2_loss,trait_3_accuracy,trait_3_loss,trait_4_accuracy,trait_4_loss,trait_5_accuracy,trait_5_loss,trait_6_accuracy,trait_6_loss,trait_7_accuracy,trait_7_loss,trait_8_accuracy,trait_8_loss,val_loss,val_trait_1_accuracy,val_trait_1_loss,val_trait_2_accuracy,val_trait_2_loss,val_trait_3_accuracy,val_trait_3_loss,val_trait_4_accuracy,val_trait_4_loss,val_trait_5_accuracy,val_trait_5_loss,val_trait_6_accuracy,val_trait_6_loss,val_trait_7_accuracy,val_trait_7_loss,val_trait_8_accuracy,val_trait_8_loss
0,26.308740615844727,0.3323262929916382,1.904074788093567,0.3232628405094147,2.069199323654175,0.4048338234424591,2.121783494949341,0.29909366369247437,2.1144323348999023,0.3806646466255188,3.3465583324432373,0.2598187327384949,2.6070444583892822,0.43202418088912964,1.7040959596633911,0.2386706918478012,3.0615897178649902,18.14573860168457,0.37288135290145874,1.1779086589813232,0.1355932205915451,1.782593011856079,0.4237288236618042,1.2664704322814941,0.2711864411830902,1.3277530670166016,0.47457626461982727,2.0665595531463623,0.23728813230991364,1.5800544023513794,0.38983049988746643,1.1106401681900024,0.32203391194343567,1.8571133613586426
1,18.996044158935547,0.35951662063598633,1.3780913352966309,0.2839879095554352,1.5275095701217651,0.4108761250972748,1.4670467376708984,0.30513596534729004,1.4628238677978516,0.3413897156715393,1.9588303565979004,0.3021148145198822,1.8283785581588745,0.32930514216423035,1.4542431831359863,0.2537764310836792,1.9461709260940552,15.78877067565918,0.37288135290145874,1.1253527402877808,0.1355932205915451,1.5282467603683472,0.4237288236618042,1.1109881401062012,0.3050847351551056,1.205664873123169,0.47457626461982727,1.5932475328445435,0.23728813230991364,1.3777377605438232,0.38983049988746643,1.066943883895874,0.32203391194343567,1.477220058441162
2,16.714778900146484,0.37764349579811096,1.2887067794799805,0.29607251286506653,1.4306079149246216,0.3564954698085785,1.353779911994934,0.3323262929916382,1.3405283689498901,0.36253777146339417,1.4981361627578735,0.26586103439331055,1.5540523529052734,0.317220538854599,1.2773629426956177,0.2719033360481262,1.569635272026062,14.848244667053223,0.37288135290145874,1.1058526039123535,0.1355932205915451,1.405998945236206,0.4237288236618042,1.072656512260437,0.3050847351551056,1.1565674543380737,0.47457626461982727,1.395167350769043,0.2881355881690979,1.292250394821167,0.38983049988746643,1.0558221340179443,0.32203391194343567,1.3160781860351562
3,15.248610496520996,0.3232628405094147,1.2395457029342651,0.31419938802719116,1.2278414964675903,0.39274924993515015,1.2401069402694702,0.2839879095554352,1.3292874097824097,0.35951662063598633,1.3294440507888794,0.29607251286506653,1.3937900066375732,0.3987915515899658,1.1713165044784546,0.317220538854599,1.3579039573669434,14.377779960632324,0.4406779706478119,1.0918374061584473,0.1355932205915451,1.3532052040100098,0.4237288236618042,1.0591011047363281,0.3050847351551056,1.135983943939209,0.47457626461982727,1.290712594985962,0.32203391194343567,1.2409467697143555,0.38983049988746643,1.0524711608886719,0.32203391194343567,1.2344622611999512
4,14.825310707092285,0.3413897156715393,1.1728668212890625,0.29003021121025085,1.310007929801941,0.3564954698085785,1.1671563386917114,0.347432017326355,1.200411319732666,0.35347431898117065,1.2469562292099,0.29909366369247437,1.2810311317443848,0.395770400762558,1.0983790159225464,0.2598187327384949,1.327663779258728,14.094383239746094,0.4067796468734741,1.0847893953323364,0.1355932205915451,1.3272870779037476,0.4237288236618042,1.0547701120376587,0.3050847351551056,1.1194363832473755,0.47457626461982727,1.2274507284164429,0.4237288236618042,1.2051963806152344,0.38983049988746643,1.0485155582427979,0.32203391194343567,1.182957410812378
5,15.008206367492676,0.335347443819046,1.2099729776382446,0.317220538854599,1.2542774677276611,0.39274924993515015,1.1725467443466187,0.31419938802719116,1.2288811206817627,0.3413897156715393,1.2649906873703003,0.29003021121025085,1.3239500522613525,0.3867069482803345,1.1872910261154175,0.287009060382843,1.3501033782958984,13.92988109588623,0.4067796468734741,1.0808005332946777,0.11864406615495682,1.3046858310699463,0.4237288236618042,1.0562360286712646,0.3050847351551056,1.1095941066741943,0.47457626461982727,1.1879690885543823,0.4237288236618042,1.188818335533142,0.38983049988746643,1.0456926822662354,0.32203391194343567,1.1548030376434326
6,14.644962310791016,0.3806646466255188,1.118931770324707,0.3111782371997833,1.233776569366455,0.38368579745292664,1.192408800125122,0.32930514216423035,1.1509288549423218,0.3413897156715393,1.2843345403671265,0.2628398835659027,1.2973768711090088,0.4138972759246826,1.109144687652588,0.2779456079006195,1.2514963150024414,13.796089172363281,0.4067796468734741,1.0799990892410278,0.11864406615495682,1.2756233215332031,0.4237288236618042,1.05707848072052,0.3050847351551056,1.1075600385665894,0.47457626461982727,1.1534676551818848,0.23728813230991364,1.1812338829040527,0.38983049988746643,1.0434491634368896,0.32203391194343567,1.1327768564224243
7,14.564692497253418,0.37764349579811096,1.157333493232727,0.2930513620376587,1.2438727617263794,0.38368579745292664,1.1463841199874878,0.317220538854599,1.1648176908493042,0.37764349579811096,1.2577742338180542,0.2839879095554352,1.3051490783691406,0.40181270241737366,1.1312150955200195,0.29607251286506653,1.2818291187286377,13.70504093170166,0.4067796468734741,1.0788347721099854,0.11864406615495682,1.260202407836914,0.4237288236618042,1.0576375722885132,0.3050847351551056,1.108066201210022,0.47457626461982727,1.1286699771881104,0.23728813230991364,1.1739752292633057,0.38983049988746643,1.041827917098999,0.32203391194343567,1.1167032718658447
8,14.553497314453125,0.3413897156715393,1.1363284587860107,0.3232628405094147,1.2581700086593628,0.40181270241737366,1.1489595174789429,0.365558922290802,1.1432331800460815,0.3413897156715393,1.2486764192581177,0.2779456079006195,1.310173749923706,0.37764349579811096,1.1292773485183716,0.3021148145198822,1.2704885005950928,13.650179862976074,0.4067796468734741,1.0786654949188232,0.11864406615495682,1.247847318649292,0.4237288236618042,1.0573786497116089,0.32203391194343567,1.1138949394226074,0.47457626461982727,1.1124776601791382,0.23728813230991364,1.1721010208129883,0.38983049988746643,1.0406053066253662,0.4406779706478119,1.1050833463668823
9,14.534994125366211,0.36253777146339417,1.1400485038757324,0.3111782371997833,1.3049789667129517,0.3897280991077423,1.1460747718811035,0.33836859464645386,1.1552523374557495,0.35347431898117065,1.2150940895080566,0.3111782371997833,1.3410135507583618,0.40181270241737366,1.1129611730575562,0.25075528025627136,1.2957900762557983,13.62525463104248,0.4067796468734741,1.0786597728729248,0.11864406615495682,1.2395210266113281,0.4237288236618042,1.0586421489715576,0.3050847351551056,1.1213442087173462,0.47457626461982727,1.1024951934814453,0.23728813230991364,1.1737072467803955,0.38983049988746643,1.0394582748413086,0.4237288236618042,1.0980461835861206
10,14.383758544921875,0.3897280991077423,1.100200891494751,0.3413897156715393,1.1701617240905762,0.39274924993515015,1.1079789400100708,0.335347443819046,1.1908940076828003,0.36858007311820984,1.2234935760498047,0.26586103439331055,1.3254538774490356,0.4199395775794983,1.115206003189087,0.2839879095554352,1.3017897605895996,13.578652381896973,0.4067796468734741,1.076179027557373,0.11864406615495682,1.2186484336853027,0.4237288236618042,1.0607883930206299,0.3050847351551056,1.1187330484390259,0.47457626461982727,1.0993130207061768,0.23728813230991364,1.1646583080291748,0.38983049988746643,1.0398439168930054,0.4237288236618042,1.0899032354354858
11,14.609453201293945,0.39274924993515015,1.1140507459640503,0.2779456079006195,1.224082350730896,0.3806646466255188,1.1779013872146606,0.2930513620376587,1.1884669065475464,0.33836859464645386,1.234121561050415,0.2930513620376587,1.3197041749954224,0.39274924993515015,1.1353858709335327,0.29909366369247437,1.2555146217346191,13.519994735717773,0.4067796468734741,1.0716811418533325,0.11864406615495682,1.1987745761871338,0.4237288236618042,1.0639327764511108,0.2881355881690979,1.1247859001159668,0.47457626461982727,1.0865867137908936,0.23728813230991364,1.1505231857299805,0.38983049988746643,1.0440361499786377,0.4237288236618042,1.0828049182891846
12,14.431077003479004,0.335347443819046,1.1584155559539795,0.31419938802719116,1.1915645599365234,0.4199395775794983,1.1265053749084473,0.37764349579811096,1.135325312614441,0.33836859464645386,1.2350330352783203,0.29003021121025085,1.3016222715377808,0.3897280991077423,1.088768482208252,0.2779456079006195,1.2713618278503418,13.489570617675781,0.4237288236618042,1.0701497793197632,0.20338982343673706,1.1905388832092285,0.4237288236618042,1.0643595457077026,0.32203391194343567,1.1303861141204834,0.47457626461982727,1.0844347476959229,0.2542372941970825,1.139040231704712,0.38983049988746643,1.0426878929138184,0.4067796468734741,1.0771729946136475
13,14.345414161682129,0.3746223449707031,1.1187080144882202,0.29003021121025085,1.2107646465301514,0.3716011941432953,1.1547938585281372,0.36253777146339417,1.131280779838562,0.32024168968200684,1.2125341892242432,0.2598187327384949,1.2454383373260498,0.41691842675209045,1.1001912355422974,0.317220538854599,1.225980281829834,13.428095817565918,0.49152541160583496,1.0706369876861572,0.18644067645072937,1.1754734516143799,0.4237288236618042,1.0622488260269165,0.2881355881690979,1.1284561157226562,0.47457626461982727,1.0727739334106445,0.23728813230991364,1.138089895248413,0.38983049988746643,1.0388846397399902,0.4067796468734741,1.069167137145996
14,14.452940940856934,0.37764349579811096,1.1384772062301636,0.31419938802719116,1.1953011751174927,0.35951662063598633,1.1744762659072876,0.347432017326355,1.1748913526535034,0.32024168968200684,1.2338757514953613,0.2598187327384949,1.258426308631897,0.38368579745292664,1.1240683794021606,0.29003021121025085,1.2470053434371948,13.382407188415527,0.47457626461982727,1.0658910274505615,0.22033898532390594,1.159536361694336,0.4237288236618042,1.0620070695877075,0.32203391194343567,1.1291847229003906,0.47457626461982727,1.0646469593048096,0.2542372941970825,1.1321141719818115,0.38983049988746643,1.0413811206817627,0.4406779706478119,1.0681655406951904
15,14.622596740722656,0.36253777146339417,1.1796320676803589,0.3111782371997833,1.2026238441467285,0.38368579745292664,1.1984457969665527,0.3413897156715393,1.1792728900909424,0.335347443819046,1.2439343929290771,0.2628398835659027,1.268765926361084,0.36253777146339417,1.234961986541748,0.2537764310836792,1.3284411430358887,13.365206718444824,0.47457626461982727,1.0624587535858154,0.23728813230991364,1.150162935256958,0.4237288236618042,1.0623655319213867,0.2542372941970825,1.1347200870513916,0.47457626461982727,1.0635714530944824,0.3050847351551056,1.1257370710372925,0.35593220591545105,1.0416178703308105,0.4237288236618042,1.069987416267395
16,14.222149848937988,0.365558922290802,1.1463476419448853,0.33836859464645386,1.169165015220642,0.4290030300617218,1.090527892112732,0.36858007311820984,1.1190112829208374,0.35347431898117065,1.213355541229248,0.3081570863723755,1.2193220853805542,0.34441086649894714,1.1415377855300903,0.29607251286506653,1.2722058296203613,13.34609603881836,0.47457626461982727,1.059396505355835,0.3050847351551056,1.1339349746704102,0.4237288236618042,1.0660597085952759,0.18644067645072937,1.1375246047973633,0.47457626461982727,1.0602009296417236,0.3050847351551056,1.1241321563720703,0.35593220591545105,1.043488621711731,0.38983049988746643,1.0714974403381348
17,14.277850151062012,0.37764349579811096,1.166333794593811,0.3323262929916382,1.1972804069519043,0.38368579745292664,1.179526448249817,0.3746223449707031,1.1277680397033691,0.335347443819046,1.2093971967697144,0.32930514216423035,1.2735381126403809,0.395770400762558,1.0950686931610107,0.3504531681537628,1.1951543092727661,13.328956604003906,0.47457626461982727,1.0588188171386719,0.32203391194343567,1.1313979625701904,0.4237288236618042,1.0652817487716675,0.18644067645072937,1.1422778367996216,0.47457626461982727,1.0566112995147705,0.2711864411830902,1.1210483312606812,0.35593220591545105,1.0403497219085693,0.35593220591545105,1.07239830493927
18,14.152607917785645,0.39274924993515015,1.0840955972671509,0.30513596534729004,1.1883254051208496,0.33836859464645386,1.1249276399612427,0.36858007311820984,1.1140919923782349,0.32930514216423035,1.1833350658416748,0.31419938802719116,1.2325888872146606,0.35951662063598633,1.1059595346450806,0.287009060382843,1.2348097562789917,13.310117721557617,0.49152541160583496,1.06051504611969,0.33898305892944336,1.131334662437439,0.4237288236618042,1.061173915863037,0.20338982343673706,1.1453170776367188,0.47457626461982727,1.0554840564727783,0.3050847351551056,1.1126036643981934,0.37288135290145874,1.0408307313919067,0.37288135290145874,1.0721220970153809
19,14.147274017333984,0.365558922290802,1.1396552324295044,0.32024168968200684,1.1872106790542603,0.34441086649894714,1.1548091173171997,0.35347431898117065,1.142069935798645,0.3504531681537628,1.1671756505966187,0.3111782371997833,1.2289360761642456,0.40785497426986694,1.0799702405929565,0.30513596534729004,1.211829423904419,13.286627769470215,0.47457626461982727,1.0605154037475586,0.37288135290145874,1.125770092010498,0.4237288236618042,1.057283639907837,0.20338982343673706,1.1470229625701904,0.47457626461982727,1.0555552244186401,0.32203391194343567,1.10479736328125,0.37288135290145874,1.0402443408966064,0.35593220591545105,1.0724854469299316
20,14.112712860107422,0.39274924993515015,1.0974289178848267,0.33836859464645386,1.1713147163391113,0.4138972759246826,1.1735810041427612,0.3716011941432953,1.1085036993026733,0.347432017326355,1.2007789611816406,0.32024168968200684,1.1957848072052002,0.40181270241737366,1.1339824199676514,0.3323262929916382,1.183844804763794,13.286005973815918,0.47457626461982727,1.0591325759887695,0.38983049988746643,1.1251604557037354,0.4237288236618042,1.0568549633026123,0.16949152946472168,1.1536568403244019,0.47457626461982727,1.0563911199569702,0.32203391194343567,1.101942539215088,0.33898305892944336,1.0400848388671875,0.38983049988746643,1.0731457471847534
21,14.222445487976074,0.35951662063598633,1.138826847076416,0.3262839913368225,1.1743820905685425,0.3867069482803345,1.1743019819259644,0.35347431898117065,1.1439437866210938,0.37764349579811096,1.1942042112350464,0.3232628405094147,1.2211647033691406,0.3897280991077423,1.1526050567626953,0.35951662063598633,1.1719253063201904,13.306177139282227,0.49152541160583496,1.0586174726486206,0.4067796468734741,1.1261807680130005,0.4237288236618042,1.0586248636245728,0.20338982343673706,1.1631078720092773,0.47457626461982727,1.0620667934417725,0.32203391194343567,1.0987155437469482,0.35593220591545105,1.040746808052063,0.35593220591545105,1.0742547512054443
22,14.095746994018555,0.4048338234424591,1.096520185470581,0.347432017326355,1.1428163051605225,0.39274924993515015,1.1491785049438477,0.36253777146339417,1.1209715604782104,0.365558922290802,1.1797305345535278,0.3262839913368225,1.214841365814209,0.39274924993515015,1.086085557937622,0.317220538854599,1.2355440855026245,13.318764686584473,0.49152541160583496,1.0594336986541748,0.38983049988746643,1.1267523765563965,0.4237288236618042,1.058218002319336,0.20338982343673706,1.1692066192626953,0.47457626461982727,1.0661365985870361,0.32203391194343567,1.096421480178833,0.35593220591545105,1.0414631366729736,0.35593220591545105,1.0765962600708008
23,13.912182807922363,0.395770400762558,1.1000126600265503,0.347432017326355,1.1449459791183472,0.37764349579811096,1.137318730354309,0.4048338234424591,1.0850507020950317,0.335347443819046,1.1708225011825562,0.30513596534729004,1.1819145679473877,0.3716011941432953,1.11549711227417,0.3111782371997833,1.2000629901885986,13.329906463623047,0.49152541160583496,1.0585501194000244,0.4067796468734741,1.1272025108337402,0.4237288236618042,1.0580915212631226,0.18644067645072937,1.1741347312927246,0.47457626461982727,1.0707217454910278,0.35593220591545105,1.0940539836883545,0.35593220591545105,1.0416449308395386,0.35593220591545105,1.0784335136413574
24,14.189823150634766,0.347432017326355,1.1441174745559692,0.3262839913368225,1.1748335361480713,0.395770400762558,1.1569606065750122,0.3504531681537628,1.1337642669677734,0.3564954698085785,1.189868450164795,0.29909366369247437,1.239574909210205,0.3987915515899658,1.0993969440460205,0.2839879095554352,1.191027283668518,13.337759017944336,0.49152541160583496,1.0575686693191528,0.38983049988746643,1.127964735031128,0.4237288236618042,1.0584372282028198,0.16949152946472168,1.1780710220336914,0.47457626461982727,1.0741275548934937,0.38983049988746643,1.0929737091064453,0.37288135290145874,1.0414644479751587,0.33898305892944336,1.0777965784072876
0,14.647976875305176,0.3262839913368225,1.40668785572052,0.33836859464645386,1.2904680967330933,0.2598187327384949,1.5647143125534058,0.3716011941432953,1.1371138095855713,0.29909366369247437,1.3265665769577026,0.2839879095554352,1.5382777452468872,0.3746223449707031,1.332931399345398,0.23262840509414673,1.4987549781799316,17.77092933654785,0.2711864411830902,1.450432300567627,0.38983049988746643,1.9036612510681152,0.20338982343673706,2.2049202919006348,0.4406779706478119,1.1640260219573975,0.4067796468734741,1.2192699909210205,0.20338982343673706,2.443449020385742,0.2881355881690979,1.765967607498169,0.3050847351551056,1.5196547508239746
1,14.293116569519043,0.287009060382843,1.4014652967453003,0.347432017326355,1.232659935951233,0.28096675872802734,1.558724284172058,0.3413897156715393,1.2022974491119385,0.3111782371997833,1.2855225801467896,0.29003021121025085,1.5629268884658813,0.39274924993515015,1.2100845575332642,0.32024168968200684,1.4156533479690552,14.867866516113281,0.2711864411830902,1.2724698781967163,0.38983049988746643,1.4936208724975586,0.20338982343673706,1.764095425605774,0.4406779706478119,1.106675624847412,0.4067796468734741,1.130183458328247,0.20338982343673706,1.8114128112792969,0.2881355881690979,1.4387834072113037,0.3050847351551056,1.3001197576522827
2,13.817809104919434,0.31419938802719116,1.3253556489944458,0.35951662063598633,1.1859848499298096,0.29909366369247437,1.487973690032959,0.3806646466255188,1.11298668384552,0.29909366369247437,1.2475793361663818,0.29607251286506653,1.433641791343689,0.36253777146339417,1.236070156097412,0.2537764310836792,1.420068383216858,13.700141906738281,0.2711864411830902,1.2065047025680542,0.38983049988746643,1.3237974643707275,0.20338982343673706,1.5764682292938232,0.4406779706478119,1.0877223014831543,0.4067796468734741,1.105549693107605,0.20338982343673706,1.5388883352279663,0.2881355881690979,1.3157494068145752,0.3050847351551056,1.2154203653335571
3,13.509125709533691,0.3262839913368225,1.3116859197616577,0.3111782371997833,1.198072075843811,0.3232628405094147,1.3600291013717651,0.35951662063598633,1.124265432357788,0.32024168968200684,1.2895140647888184,0.2719033360481262,1.4801642894744873,0.35347431898117065,1.1870633363723755,0.28096675872802734,1.3678383827209473,13.116515159606934,0.2711864411830902,1.1680972576141357,0.38983049988746643,1.2376749515533447,0.20338982343673706,1.4868745803833008,0.4406779706478119,1.0823310613632202,0.4067796468734741,1.0955121517181396,0.20338982343673706,1.3934167623519897,0.2881355881690979,1.252368688583374,0.3050847351551056,1.1752007007598877
4,13.40711784362793,0.3504531681537628,1.2326722145080566,0.36858007311820984,1.1964694261550903,0.29003021121025085,1.4355512857437134,0.36858007311820984,1.1539225578308105,0.3413897156715393,1.2526891231536865,0.29003021121025085,1.3389732837677002,0.3504531681537628,1.1731270551681519,0.31419938802719116,1.3077552318572998,12.772673606872559,0.23728813230991364,1.1444898843765259,0.38983049988746643,1.1838479042053223,0.20338982343673706,1.429173469543457,0.4406779706478119,1.0810661315917969,0.4067796468734741,1.090465784072876,0.20338982343673706,1.3120572566986084,0.2881355881690979,1.216455101966858,0.3050847351551056,1.156644344329834
5,13.429643630981445,0.3081570863723755,1.264835000038147,0.39274924993515015,1.1696652173995972,0.32024168968200684,1.3711752891540527,0.395770400762558,1.116438388824463,0.34441086649894714,1.265339970588684,0.3081570863723755,1.3748658895492554,0.35951662063598633,1.212337613105774,0.29003021121025085,1.3778631687164307,12.554399490356445,0.23728813230991364,1.1329100131988525,0.38983049988746643,1.1505582332611084,0.20338982343673706,1.3898845911026,0.4406779706478119,1.0759220123291016,0.4067796468734741,1.0859932899475098,0.20338982343673706,1.2648156881332397,0.2711864411830902,1.1958117485046387,0.3050847351551056,1.1465946435928345
6,13.104536056518555,0.3262839913368225,1.2123278379440308,0.35347431898117065,1.2003235816955566,0.31419938802719116,1.3185349702835083,0.35951662063598633,1.139450192451477,0.3232628405094147,1.2516223192214966,0.32930514216423035,1.3016331195831299,0.40785497426986694,1.1696085929870605,0.29909366369247437,1.3143378496170044,12.41698169708252,0.23728813230991364,1.1273274421691895,0.5423728823661804,1.1322898864746094,0.20338982343673706,1.3660790920257568,0.4406779706478119,1.0701614618301392,0.4067796468734741,1.0813580751419067,0.20338982343673706,1.2367184162139893,0.2711864411830902,1.1821320056915283,0.3050847351551056,1.1395803689956665
7,13.247580528259277,0.3232628405094147,1.2161614894866943,0.3987915515899658,1.158290147781372,0.3232628405094147,1.2891623973846436,0.3746223449707031,1.1230632066726685,0.32930514216423035,1.2914881706237793,0.2719033360481262,1.3590359687805176,0.33836859464645386,1.239172101020813,0.3111782371997833,1.3439064025878906,12.326432228088379,0.23728813230991364,1.1229972839355469,0.5423728823661804,1.1183216571807861,0.20338982343673706,1.3539369106292725,0.4406779706478119,1.0663657188415527,0.4067796468734741,1.0771703720092773,0.20338982343673706,1.2176945209503174,0.2711864411830902,1.172325849533081,0.3050847351551056,1.1342824697494507
8,13.23776626586914,0.36253777146339417,1.2230349779129028,0.3867069482803345,1.1459815502166748,0.2930513620376587,1.4007471799850464,0.3413897156715393,1.1331760883331299,0.3564954698085785,1.2275668382644653,0.287009060382843,1.298311471939087,0.3504531681537628,1.1966427564620972,0.2688821852207184,1.3194198608398438,12.275901794433594,0.23728813230991364,1.1211700439453125,0.5423728823661804,1.106881856918335,0.20338982343673706,1.3491060733795166,0.4406779706478119,1.0637356042861938,0.4067796468734741,1.0760515928268433,0.20338982343673706,1.203974962234497,0.2711864411830902,1.1686158180236816,0.3050847351551056,1.1301771402359009
9,13.22822380065918,0.35951662063598633,1.1996639966964722,0.40181270241737366,1.1705141067504883,0.28096675872802734,1.3154644966125488,0.38368579745292664,1.1257246732711792,0.27492445707321167,1.2796391248703003,0.32024168968200684,1.298058271408081,0.3504531681537628,1.225023627281189,0.287009060382843,1.3295284509658813,12.24984073638916,0.23728813230991364,1.123992681503296,0.5423728823661804,1.0988703966140747,0.20338982343673706,1.3485403060913086,0.4406779706478119,1.0607463121414185,0.4067796468734741,1.0760424137115479,0.20338982343673706,1.193490743637085,0.2711864411830902,1.1678550243377686,0.3050847351551056,1.1262917518615723
10,13.26268196105957,0.33836859464645386,1.207780361175537,0.35951662063598633,1.197708249092102,0.3111782371997833,1.3550130128860474,0.3987915515899658,1.1198716163635254,0.2930513620376587,1.258367896080017,0.287009060382843,1.357252597808838,0.365558922290802,1.1722067594528198,0.3081570863723755,1.3159922361373901,12.171685218811035,0.23728813230991364,1.122891902923584,0.5423728823661804,1.0871796607971191,0.20338982343673706,1.3370003700256348,0.4406779706478119,1.0555789470672607,0.4067796468734741,1.0748968124389648,0.20338982343673706,1.175750732421875,0.2711864411830902,1.1593868732452393,0.3050847351551056,1.119596242904663
11,13.073512077331543,0.3323262929916382,1.2573126554489136,0.335347443819046,1.2104769945144653,0.3081570863723755,1.3272082805633545,0.3746223449707031,1.1534388065338135,0.347432017326355,1.2120630741119385,0.287009060382843,1.347713589668274,0.3716011941432953,1.1701953411102295,0.29909366369247437,1.3062922954559326,12.078543663024902,0.23728813230991364,1.1214804649353027,0.5423728823661804,1.0742427110671997,0.20338982343673706,1.3182976245880127,0.4406779706478119,1.0501790046691895,0.4067796468734741,1.0727778673171997,0.20338982343673706,1.159975290298462,0.2711864411830902,1.151601791381836,0.3050847351551056,1.1131763458251953
12,12.966121673583984,0.32930514216423035,1.196895718574524,0.33836859464645386,1.1663923263549805,0.3323262929916382,1.2948548793792725,0.3504531681537628,1.1590763330459595,0.317220538854599,1.229817509651184,0.30513596534729004,1.2526253461837769,0.3564954698085785,1.1785770654678345,0.2719033360481262,1.3326380252838135,11.999515533447266,0.23728813230991364,1.1204321384429932,0.5423728823661804,1.0659034252166748,0.20338982343673706,1.3033983707427979,0.4406779706478119,1.0458781719207764,0.4067796468734741,1.0700559616088867,0.38983049988746643,1.1454343795776367,0.2711864411830902,1.143202543258667,0.3050847351551056,1.107845425605774
13,12.714061737060547,0.2930513620376587,1.265877366065979,0.3413897156715393,1.1713401079177856,0.335347443819046,1.2296147346496582,0.4199395775794983,1.0901789665222168,0.35347431898117065,1.1959242820739746,0.2930513620376587,1.3073828220367432,0.3746223449707031,1.167826771736145,0.3564954698085785,1.2260680198669434,11.930989265441895,0.23728813230991364,1.1189568042755127,0.5423728823661804,1.0585672855377197,0.20338982343673706,1.2912085056304932,0.4406779706478119,1.0424818992614746,0.37288135290145874,1.0671097040176392,0.4237288236618042,1.1328866481781006,0.2881355881690979,1.1358606815338135,0.33898305892944336,1.1033620834350586
14,12.675061225891113,0.3564954698085785,1.2093167304992676,0.395770400762558,1.1244463920593262,0.2719033360481262,1.2875233888626099,0.3413897156715393,1.1497807502746582,0.37764349579811096,1.1925135850906372,0.35951662063598633,1.2438856363296509,0.395770400762558,1.1414093971252441,0.335347443819046,1.225009799003601,11.871578216552734,0.23728813230991364,1.1178202629089355,0.5423728823661804,1.0523977279663086,0.20338982343673706,1.280113935470581,0.4406779706478119,1.0392365455627441,0.33898305892944336,1.0642508268356323,0.4406779706478119,1.1225086450576782,0.2881355881690979,1.1293423175811768,0.33898305892944336,1.1007863283157349
15,12.783987998962402,0.33836859464645386,1.2170401811599731,0.365558922290802,1.1623519659042358,0.31419938802719116,1.2701101303100586,0.3867069482803345,1.1218260526657104,0.30513596534729004,1.192795991897583,0.28096675872802734,1.3082313537597656,0.3504531681537628,1.1893835067749023,0.3111782371997833,1.2106990814208984,11.819278717041016,0.23728813230991364,1.1178908348083496,0.5423728823661804,1.0469950437545776,0.20338982343673706,1.2700908184051514,0.4406779706478119,1.0353806018829346,0.33898305892944336,1.0613362789154053,0.4406779706478119,1.1133044958114624,0.33898305892944336,1.1235495805740356,0.33898305892944336,1.0996699333190918
16,12.447192192077637,0.3806646466255188,1.1368589401245117,0.3716011941432953,1.159666895866394,0.32930514216423035,1.2183027267456055,0.41691842675209045,1.132783055305481,0.33836859464645386,1.185227394104004,0.3413897156715393,1.2173047065734863,0.41691842675209045,1.1154006719589233,0.3564954698085785,1.1971572637557983,11.770010948181152,0.2542372941970825,1.1165409088134766,0.5423728823661804,1.040858507156372,0.20338982343673706,1.259414553642273,0.4406779706478119,1.032017707824707,0.33898305892944336,1.0595799684524536,0.4067796468734741,1.10505211353302,0.33898305892944336,1.1197792291641235,0.32203391194343567,1.0987035036087036
17,12.572379112243652,0.347432017326355,1.2127680778503418,0.35951662063598633,1.125902533531189,0.31419938802719116,1.2531144618988037,0.4350453317165375,1.1187694072723389,0.35347431898117065,1.17860746383667,0.3081570863723755,1.2793846130371094,0.3413897156715393,1.1896895170211792,0.3021148145198822,1.2221211194992065,11.735966682434082,0.2711864411830902,1.1161307096481323,0.5423728823661804,1.036092758178711,0.32203391194343567,1.2526285648345947,0.4406779706478119,1.030034065246582,0.33898305892944336,1.0582780838012695,0.4067796468734741,1.0981550216674805,0.33898305892944336,1.1175205707550049,0.32203391194343567,1.097827672958374
18,12.41552448272705,0.347432017326355,1.172282099723816,0.40785497426986694,1.1233160495758057,0.32930514216423035,1.1964633464813232,0.4108761250972748,1.114715576171875,0.35951662063598633,1.1743664741516113,0.3081570863723755,1.260270357131958,0.36253777146339417,1.178472876548767,0.3504531681537628,1.1971434354782104,11.704893112182617,0.37288135290145874,1.115622878074646,0.5423728823661804,1.0321228504180908,0.37288135290145874,1.246566653251648,0.4406779706478119,1.0273722410202026,0.33898305892944336,1.056706428527832,0.4067796468734741,1.0920063257217407,0.33898305892944336,1.1161701679229736,0.32203391194343567,1.0972076654434204
19,12.385444641113281,0.36253777146339417,1.1820170879364014,0.3746223449707031,1.139157772064209,0.35347431898117065,1.1963790655136108,0.36858007311820984,1.1080114841461182,0.34441086649894714,1.2048035860061646,0.36253777146339417,1.2065825462341309,0.335347443819046,1.1560139656066895,0.33836859464645386,1.2067923545837402,11.678413391113281,0.33898305892944336,1.114571452140808,0.5423728823661804,1.0289251804351807,0.37288135290145874,1.2410943508148193,0.4406779706478119,1.0249133110046387,0.33898305892944336,1.0555572509765625,0.4067796468734741,1.0877783298492432,0.33898305892944336,1.1145145893096924,0.32203391194343567,1.0970442295074463
20,12.445242881774902,0.347432017326355,1.1697365045547485,0.42598187923431396,1.1209591627120972,0.31419938802719116,1.2088146209716797,0.33836859464645386,1.166871190071106,0.3323262929916382,1.1848489046096802,0.347432017326355,1.2228236198425293,0.365558922290802,1.1471776962280273,0.335347443819046,1.1678470373153687,11.65359115600586,0.33898305892944336,1.1136497259140015,0.5423728823661804,1.0256034135818481,0.37288135290145874,1.2342638969421387,0.4406779706478119,1.0228760242462158,0.33898305892944336,1.055431604385376,0.38983049988746643,1.0842050313949585,0.33898305892944336,1.1133776903152466,0.32203391194343567,1.097419261932373
21,12.397504806518555,0.34441086649894714,1.1844687461853027,0.3564954698085785,1.139938235282898,0.33836859464645386,1.188834309577942,0.34441086649894714,1.1542662382125854,0.3262839913368225,1.1450440883636475,0.36253777146339417,1.241084337234497,0.3504531681537628,1.1473194360733032,0.317220538854599,1.2149218320846558,11.632582664489746,0.33898305892944336,1.1122329235076904,0.5423728823661804,1.0224246978759766,0.37288135290145874,1.2292773723602295,0.4406779706478119,1.0207794904708862,0.33898305892944336,1.0551141500473022,0.38983049988746643,1.0808887481689453,0.33898305892944336,1.1127574443817139,0.32203391194343567,1.0979292392730713
22,12.241036415100098,0.36253777146339417,1.1508597135543823,0.3806646466255188,1.103322982788086,0.3232628405094147,1.2187598943710327,0.3746223449707031,1.107995867729187,0.317220538854599,1.167410969734192,0.35951662063598633,1.1741690635681152,0.37764349579811096,1.1244322061538696,0.317220538854599,1.1856392621994019,11.618439674377441,0.33898305892944336,1.1108311414718628,0.5423728823661804,1.0208624601364136,0.37288135290145874,1.225660800933838,0.4406779706478119,1.0190606117248535,0.35593220591545105,1.0551316738128662,0.4067796468734741,1.0783782005310059,0.33898305892944336,1.1124458312988281,0.32203391194343567,1.0988123416900635
23,12.38297176361084,0.34441086649894714,1.1682993173599243,0.36858007311820984,1.1649928092956543,0.32930514216423035,1.1720585823059082,0.41691842675209045,1.1039371490478516,0.347432017326355,1.1879286766052246,0.335347443819046,1.19060218334198,0.347432017326355,1.1699249744415283,0.33836859464645386,1.1936675310134888,11.604159355163574,0.33898305892944336,1.1091623306274414,0.5423728823661804,1.019925594329834,0.37288135290145874,1.2217843532562256,0.4406779706478119,1.0174059867858887,0.35593220591545105,1.0550496578216553,0.4067796468734741,1.0761547088623047,0.33898305892944336,1.1118593215942383,0.32203391194343567,1.0996522903442383
24,12.268179893493652,0.37764349579811096,1.1595335006713867,0.3806646466255188,1.133525013923645,0.3262839913368225,1.1971304416656494,0.3746223449707031,1.1180163621902466,0.347432017326355,1.1711363792419434,0.3081570863723755,1.2087533473968506,0.335347443819046,1.1260385513305664,0.3413897156715393,1.1575560569763184,11.594335556030273,0.33898305892944336,1.1075897216796875,0.5423728823661804,1.0195707082748413,0.37288135290145874,1.219104290008545,0.4406779706478119,1.016047477722168,0.35593220591545105,1.0551373958587646,0.4067796468734741,1.0746986865997314,0.33898305892944336,1.1113121509552002,0.32203391194343567,1.1004054546356201
0,14.091548919677734,0.34441086649894714,1.3893998861312866,0.32930514216423035,1.2773141860961914,0.3716011941432953,1.2780991792678833,0.3111782371997833,1.2519336938858032,0.29909366369247437,1.4062038660049438,0.287009060382843,1.508264422416687,0.3504531681537628,1.2226537466049194,0.347432017326355,1.438327431678772,19.37522315979004,0.35593220591545105,2.159663200378418,0.35593220591545105,1.5055738687515259,0.4237288236618042,2.0884459018707275,0.4237288236618042,1.3692485094070435,0.20338982343673706,2.1419525146484375,0.4576271176338196,1.854740023612976,0.38983049988746643,1.34657621383667,0.3050847351551056,2.043956756591797
1,13.708979606628418,0.3746223449707031,1.3398900032043457,0.3504531681537628,1.236182451248169,0.38368579745292664,1.2335312366485596,0.30513596534729004,1.22765052318573,0.2779456079006195,1.3781720399856567,0.3323262929916382,1.4162933826446533,0.39274924993515015,1.230833888053894,0.35951662063598633,1.4004559516906738,15.885058403015137,0.35593220591545105,1.6430513858795166,0.5254237055778503,1.2571964263916016,0.4237288236618042,1.5956188440322876,0.2711864411830902,1.3173089027404785,0.20338982343673706,1.7264827489852905,0.4237288236618042,1.535412073135376,0.38983049988746643,1.2062528133392334,0.2881355881690979,1.6480001211166382
2,13.312260627746582,0.36253777146339417,1.212541103363037,0.34441086649894714,1.2922886610031128,0.395770400762558,1.168582797050476,0.3111782371997833,1.2384018898010254,0.2779456079006195,1.3247785568237305,0.3504531681537628,1.3953920602798462,0.32930514216423035,1.2238895893096924,0.38368579745292664,1.3298285007476807,14.530472755432129,0.35593220591545105,1.4430099725723267,0.5254237055778503,1.173144817352295,0.4237288236618042,1.405454158782959,0.2711864411830902,1.3018115758895874,0.20338982343673706,1.5483403205871582,0.4237288236618042,1.4092626571655273,0.38983049988746643,1.1530852317810059,0.2881355881690979,1.5098716020584106
3,13.213306427001953,0.3987915515899658,1.2382440567016602,0.36253777146339417,1.227118968963623,0.3806646466255188,1.17145574092865,0.347432017326355,1.215809941291809,0.29003021121025085,1.319622278213501,0.36253777146339417,1.3621478080749512,0.3987915515899658,1.2013564109802246,0.335347443819046,1.3541587591171265,13.816506385803223,0.35593220591545105,1.3368685245513916,0.5254237055778503,1.135413646697998,0.4237288236618042,1.3000293970108032,0.2711864411830902,1.2986934185028076,0.20338982343673706,1.4548453092575073,0.4237288236618042,1.3403712511062622,0.4406779706478119,1.1240062713623047,0.2881355881690979,1.4395110607147217
4,12.998113632202148,0.36858007311820984,1.2416226863861084,0.34441086649894714,1.212568998336792,0.33836859464645386,1.1738413572311401,0.33836859464645386,1.2313458919525146,0.32930514216423035,1.2741690874099731,0.32930514216423035,1.3277736902236938,0.3897280991077423,1.1691739559173584,0.3897280991077423,1.288022756576538,13.40633487701416,0.35593220591545105,1.27140212059021,0.5254237055778503,1.1136271953582764,0.4237288236618042,1.2375578880310059,0.2711864411830902,1.3071813583374023,0.20338982343673706,1.4033946990966797,0.4237288236618042,1.2967294454574585,0.4406779706478119,1.1060510873794556,0.2881355881690979,1.39816415309906
5,12.88488483428955,0.365558922290802,1.2384637594223022,0.35951662063598633,1.1935123205184937,0.365558922290802,1.1480640172958374,0.3716011941432953,1.2011131048202515,0.32024168968200684,1.2483526468276978,0.35347431898117065,1.3174982070922852,0.32024168968200684,1.2533658742904663,0.35347431898117065,1.2570457458496094,13.154838562011719,0.35593220591545105,1.230008602142334,0.5254237055778503,1.1006689071655273,0.4237288236618042,1.199552059173584,0.2711864411830902,1.3168714046478271,0.20338982343673706,1.3699915409088135,0.4237288236618042,1.2692434787750244,0.4406779706478119,1.0962916612625122,0.2881355881690979,1.3718303442001343
6,12.905780792236328,0.39274924993515015,1.2166376113891602,0.36253777146339417,1.2102108001708984,0.395770400762558,1.1898280382156372,0.36858007311820984,1.1877082586288452,0.30513596534729004,1.2252548933029175,0.3504531681537628,1.342753291130066,0.3413897156715393,1.2037758827209473,0.37764349579811096,1.283831238746643,13.008960723876953,0.35593220591545105,1.2077226638793945,0.5254237055778503,1.0932552814483643,0.4237288236618042,1.1753886938095093,0.1525423675775528,1.3297884464263916,0.20338982343673706,1.349240779876709,0.38983049988746643,1.2509329319000244,0.4406779706478119,1.09139084815979,0.2881355881690979,1.3560618162155151
7,12.978157043457031,0.36253777146339417,1.243574857711792,0.32024168968200684,1.2194000482559204,0.37764349579811096,1.16697359085083,0.3413897156715393,1.2127572298049927,0.3081570863723755,1.2760717868804932,0.317220538854599,1.324784517288208,0.3867069482803345,1.1702710390090942,0.34441086649894714,1.2908048629760742,12.922929763793945,0.35593220591545105,1.193727970123291,0.5254237055778503,1.0883667469024658,0.4237288236618042,1.1584162712097168,0.1525423675775528,1.3453736305236816,0.20338982343673706,1.3347625732421875,0.22033898532390594,1.240322232246399,0.4406779706478119,1.0887579917907715,0.2881355881690979,1.3496235609054565
8,12.765311241149902,0.37764349579811096,1.1856207847595215,0.395770400762558,1.2149999141693115,0.36253777146339417,1.1759682893753052,0.34441086649894714,1.170601487159729,0.34441086649894714,1.238023281097412,0.37764349579811096,1.3015732765197754,0.365558922290802,1.1718957424163818,0.365558922290802,1.262265682220459,12.880778312683105,0.35593220591545105,1.184971809387207,0.5254237055778503,1.0863147974014282,0.4237288236618042,1.146178960800171,0.1525423675775528,1.361886739730835,0.20338982343673706,1.3255274295806885,0.23728813230991364,1.2355289459228516,0.4406779706478119,1.0900821685791016,0.2881355881690979,1.3482329845428467
9,12.826323509216309,0.3867069482803345,1.2170294523239136,0.3504531681537628,1.2054036855697632,0.3987915515899658,1.1667083501815796,0.29909366369247437,1.237575888633728,0.3081570863723755,1.219792366027832,0.35347431898117065,1.3176511526107788,0.38368579745292664,1.1653746366500854,0.365558922290802,1.2799476385116577,12.871442794799805,0.35593220591545105,1.179357647895813,0.5254237055778503,1.0850491523742676,0.4237288236618042,1.1373547315597534,0.1525423675775528,1.3755921125411987,0.20338982343673706,1.3215281963348389,0.23728813230991364,1.2336724996566772,0.4406779706478119,1.0935125350952148,0.2881355881690979,1.3561540842056274
10,12.766461372375488,0.4048338234424591,1.19011390209198,0.38368579745292664,1.1543174982070923,0.3867069482803345,1.1635971069335938,0.3504531681537628,1.18169367313385,0.3081570863723755,1.2183517217636108,0.3262839913368225,1.3341889381408691,0.3504531681537628,1.1913738250732422,0.32930514216423035,1.320967197418213,12.788239479064941,0.35593220591545105,1.1670769453048706,0.5254237055778503,1.0788941383361816,0.4237288236618042,1.1282790899276733,0.1525423675775528,1.3730754852294922,0.20338982343673706,1.3069299459457397,0.23728813230991364,1.223179578781128,0.4406779706478119,1.0934197902679443,0.2881355881690979,1.35280179977417
11,12.837860107421875,0.3564954698085785,1.251569151878357,0.34441086649894714,1.2480064630508423,0.35951662063598633,1.1793078184127808,0.317220538854599,1.2113380432128906,0.2779456079006195,1.2309156656265259,0.3716011941432953,1.2854398488998413,0.36253777146339417,1.1680890321731567,0.3504531681537628,1.2240207195281982,12.706611633300781,0.35593220591545105,1.1551827192306519,0.5254237055778503,1.0733424425125122,0.4237288236618042,1.1194733381271362,0.1525423675775528,1.370391845703125,0.20338982343673706,1.2904741764068604,0.23728813230991364,1.2145817279815674,0.4406779706478119,1.0925381183624268,0.2881355881690979,1.3522288799285889
0,6.475432872772217,0.39274924993515015,0.287009060382843,0.39274924993515015,0.29003021121025085,0.35951662063598633,0.335347443819046,0.2930513620376587,0.3564954698085785,6.484567165374756,0.4067796468734741,0.35593220591545105,0.37288135290145874,0.16949152946472168,0.49152541160583496,0.4406779706478119,0.1355932205915451,0.37288135290145874
1,8.73569393157959,0.40785497426986694,0.2688821852207184,0.4108761250972748,0.347432017326355,0.3746223449707031,0.3746223449707031,0.27492445707321167,0.34441086649894714,8.628713607788086,0.38983049988746643,0.37288135290145874,0.35593220591545105,0.20338982343673706,0.49152541160583496,0.4406779706478119,0.1525423675775528,0.4237288236618042
2,8.466781616210938,0.395770400762558,0.287009060382843,0.35951662063598633,0.35951662063598633,0.35951662063598633,0.38368579745292664,0.32024168968200684,0.36858007311820984,8.251747131347656,0.38983049988746643,0.4067796468734741,0.37288135290145874,0.22033898532390594,0.49152541160583496,0.4406779706478119,0.16949152946472168,0.4237288236618042
3,8.243824005126953,0.40181270241737366,0.30513596534729004,0.42598187923431396,0.3504531681537628,0.395770400762558,0.38368579745292664,0.26586103439331055,0.3716011941432953,8.032540321350098,0.37288135290145874,0.4406779706478119,0.4067796468734741,0.23728813230991364,0.49152541160583496,0.4067796468734741,0.20338982343673706,0.4237288236618042
4,8.201841354370117,0.3987915515899658,0.3232628405094147,0.4048338234424591,0.3021148145198822,0.3746223449707031,0.3987915515899658,0.287009060382843,0.3413897156715393,7.892008304595947,0.37288135290145874,0.4237288236618042,0.4067796468734741,0.23728813230991364,0.49152541160583496,0.4406779706478119,0.20338982343673706,0.4237288236618042
5,8.150068283081055,0.4108761250972748,0.3111782371997833,0.41691842675209045,0.3867069482803345,0.33836859464645386,0.3806646466255188,0.2598187327384949,0.39274924993515015,7.885765075683594,0.4067796468734741,0.4237288236618042,0.4067796468734741,0.2542372941970825,0.49152541160583496,0.4576271176338196,0.20338982343673706,0.38983049988746643
6,8.165651321411133,0.3987915515899658,0.3262839913368225,0.39274924993515015,0.32024168968200684,0.3806646466255188,0.3806646466255188,0.2839879095554352,0.34441086649894714,7.8239970207214355,0.4067796468734741,0.4237288236618042,0.38983049988746643,0.2542372941970825,0.49152541160583496,0.47457626461982727,0.20338982343673706,0.38983049988746643
7,8.1471586227417,0.3867069482803345,0.32930514216423035,0.38368579745292664,0.35951662063598633,0.34441086649894714,0.39274924993515015,0.27492445707321167,0.395770400762558,7.811750888824463,0.4067796468734741,0.4067796468734741,0.38983049988746643,0.2881355881690979,0.49152541160583496,0.47457626461982727,0.20338982343673706,0.38983049988746643
8,8.0904541015625,0.40785497426986694,0.3323262929916382,0.3897280991077423,0.36858007311820984,0.3806646466255188,0.40785497426986694,0.27492445707321167,0.36858007311820984,7.726543426513672,0.4237288236618042,0.47457626461982727,0.37288135290145874,0.3050847351551056,0.49152541160583496,0.4576271176338196,0.20338982343673706,0.37288135290145874
9,7.851217746734619,0.40785497426986694,0.3413897156715393,0.4199395775794983,0.3716011941432953,0.35951662063598633,0.35951662063598633,0.29003021121025085,0.3323262929916382,7.511137008666992,0.4406779706478119,0.5423728823661804,0.37288135290145874,0.2881355881690979,0.49152541160583496,0.4406779706478119,0.20338982343673706,0.33898305892944336
10,7.702579021453857,0.4138972759246826,0.3413897156715393,0.365558922290802,0.40181270241737366,0.35951662063598633,0.3867069482803345,0.2839879095554352,0.3897280991077423,7.41774845123291,0.4406779706478119,0.508474588394165,0.38983049988746643,0.32203391194343567,0.47457626461982727,0.4406779706478119,0.23728813230991364,0.33898305892944336
0,6.638525009155273,0.31419938802719116,0.3111782371997833,0.287009060382843,0.2930513620376587,0.3504531681537628,0.3262839913368225,0.30513596534729004,0.3021148145198822,7.572457313537598,0.23728813230991364,0.20338982343673706,0.33898305892944336,0.11864406615495682,0.4406779706478119,0.32203391194343567,0.2542372941970825,0.2881355881690979
1,10.258522987365723,0.3232628405094147,0.29607251286506653,0.31419938802719116,0.2930513620376587,0.3262839913368225,0.335347443819046,0.3232628405094147,0.2719033360481262,10.733539581298828,0.22033898532390594,0.32203391194343567,0.35593220591545105,0.1525423675775528,0.4237288236618042,0.37288135290145874,0.3050847351551056,0.2711864411830902
2,9.94216251373291,0.287009060382843,0.29909366369247437,0.3021148145198822,0.29003021121025085,0.347432017326355,0.35347431898117065,0.2839879095554352,0.2930513620376587,10.026391983032227,0.22033898532390594,0.35593220591545105,0.32203391194343567,0.16949152946472168,0.4237288236618042,0.4067796468734741,0.2881355881690979,0.2542372941970825
3,9.696392059326172,0.3232628405094147,0.32930514216423035,0.3081570863723755,0.29003021121025085,0.317220538854599,0.3504531681537628,0.3413897156715393,0.3081570863723755,9.708479881286621,0.23728813230991364,0.35593220591545105,0.33898305892944336,0.23728813230991364,0.4067796468734741,0.4067796468734741,0.2542372941970825,0.2542372941970825
4,9.501304626464844,0.3323262929916382,0.3323262929916382,0.33836859464645386,0.2719033360481262,0.3564954698085785,0.3716011941432953,0.287009060382843,0.32930514216423035,9.41872501373291,0.2711864411830902,0.33898305892944336,0.35593220591545105,0.2711864411830902,0.4067796468734741,0.4237288236618042,0.23728813230991364,0.2711864411830902
5,9.370366096496582,0.29003021121025085,0.347432017326355,0.30513596534729004,0.3111782371997833,0.317220538854599,0.35951662063598633,0.3564954698085785,0.287009060382843,9.176118850708008,0.2711864411830902,0.4067796468734741,0.35593220591545105,0.2711864411830902,0.38983049988746643,0.4237288236618042,0.23728813230991364,0.2881355881690979
6,9.137842178344727,0.317220538854599,0.35951662063598633,0.32024168968200684,0.3413897156715393,0.3806646466255188,0.3413897156715393,0.3262839913368225,0.3323262929916382,8.96977424621582,0.33898305892944336,0.4406779706478119,0.33898305892944336,0.2711864411830902,0.37288135290145874,0.4406779706478119,0.2542372941970825,0.2881355881690979
7,8.968796730041504,0.3111782371997833,0.35347431898117065,0.3262839913368225,0.30513596534729004,0.3716011941432953,0.3323262929916382,0.36858007311820984,0.29909366369247437,8.736862182617188,0.2881355881690979,0.38983049988746643,0.35593220591545105,0.2881355881690979,0.37288135290145874,0.4237288236618042,0.23728813230991364,0.3050847351551056
8,9.11269760131836,0.2930513620376587,0.33836859464645386,0.3232628405094147,0.29909366369247437,0.347432017326355,0.317220538854599,0.29607251286506653,0.29003021121025085,8.830307006835938,0.2542372941970825,0.4237288236618042,0.37288135290145874,0.32203391194343567,0.37288135290145874,0.4237288236618042,0.22033898532390594,0.3050847351551056
9,8.932209014892578,0.32024168968200684,0.33836859464645386,0.32930514216423035,0.33836859464645386,0.38368579745292664,0.33836859464645386,0.3413897156715393,0.3323262929916382,8.681270599365234,0.23728813230991364,0.4237288236618042,0.38983049988746643,0.35593220591545105,0.38983049988746643,0.4406779706478119,0.2542372941970825,0.3050847351551056
10,8.655791282653809,0.317220538854599,0.365558922290802,0.3504531681537628,0.335347443819046,0.347432017326355,0.35347431898117065,0.31419938802719116,0.365558922290802,8.525713920593262,0.23728813230991364,0.4237288236618042,0.4067796468734741,0.4067796468734741,0.37288135290145874,0.4406779706478119,0.3050847351551056,0.35593220591545105
0,6.543184280395508,0.317220538854599,0.2719033360481262,0.3564954698085785,0.4138972759246826,0.4048338234424591,0.3806646466255188,0.39274924993515015,0.28096675872802734,6.444670677185059,0.2881355881690979,0.2881355881690979,0.4067796468734741,0.4067796468734741,0.38983049988746643,0.4576271176338196,0.4067796468734741,0.35593220591545105
1,9.048273086547852,0.287009060382843,0.2719033360481262,0.3867069482803345,0.3867069482803345,0.42296072840690613,0.365558922290802,0.36253777146339417,0.287009060382843,8.657073974609375,0.33898305892944336,0.37288135290145874,0.37288135290145874,0.37288135290145874,0.4067796468734741,0.4406779706478119,0.4067796468734741,0.35593220591545105
2,8.605713844299316,0.3262839913368225,0.29909366369247437,0.3867069482803345,0.395770400762558,0.36253777146339417,0.3897280991077423,0.39274924993515015,0.31419938802719116,8.251230239868164,0.35593220591545105,0.37288135290145874,0.38983049988746643,0.4067796468734741,0.4237288236618042,0.4406779706478119,0.4067796468734741,0.32203391194343567
3,8.562299728393555,0.29909366369247437,0.2688821852207184,0.3806646466255188,0.3987915515899658,0.42598187923431396,0.37764349579811096,0.39274924993515015,0.2688821852207184,8.089536666870117,0.38983049988746643,0.38983049988746643,0.4067796468734741,0.4237288236618042,0.4067796468734741,0.4406779706478119,0.38983049988746643,0.2711864411830902
4,8.457464218139648,0.30513596534729004,0.3081570863723755,0.39274924993515015,0.4199395775794983,0.395770400762558,0.3806646466255188,0.39274924993515015,0.287009060382843,8.046419143676758,0.4067796468734741,0.38983049988746643,0.4067796468734741,0.4067796468734741,0.38983049988746643,0.4237288236618042,0.4067796468734741,0.2711864411830902
5,8.500021934509277,0.317220538854599,0.2719033360481262,0.3867069482803345,0.3987915515899658,0.4138972759246826,0.35347431898117065,0.3564954698085785,0.33836859464645386,8.04868221282959,0.38983049988746643,0.37288135290145874,0.4067796468734741,0.4237288236618042,0.37288135290145874,0.4237288236618042,0.4067796468734741,0.2881355881690979
6,8.530316352844238,0.35347431898117065,0.30513596534729004,0.3867069482803345,0.40181270241737366,0.3504531681537628,0.4199395775794983,0.3897280991077423,0.29003021121025085,8.064075469970703,0.4067796468734741,0.37288135290145874,0.4237288236618042,0.4406779706478119,0.32203391194343567,0.4406779706478119,0.38983049988746643,0.2881355881690979
7,8.528311729431152,0.3021148145198822,0.335347443819046,0.3232628405094147,0.39274924993515015,0.41691842675209045,0.39274924993515015,0.36253777146339417,0.317220538854599,8.084473609924316,0.4067796468734741,0.37288135290145874,0.4406779706478119,0.4576271176338196,0.32203391194343567,0.4406779706478119,0.38983049988746643,0.3050847351551056
8,8.457782745361328,0.287009060382843,0.31419938802719116,0.3806646466255188,0.3806646466255188,0.37764349579811096,0.3564954698085785,0.35347431898117065,0.3111782371997833,7.973043441772461,0.38983049988746643,0.35593220591545105,0.4576271176338196,0.4576271176338196,0.32203391194343567,0.4406779706478119,0.4067796468734741,0.32203391194343567
9,8.319541931152344,0.3323262929916382,0.335347443819046,0.38368579745292664,0.3716011941432953,0.40785497426986694,0.3806646466255188,0.3987915515899658,0.3111782371997833,7.958249568939209,0.4237288236618042,0.38983049988746643,0.4406779706478119,0.47457626461982727,0.3050847351551056,0.4067796468734741,0.4237288236618042,0.3050847351551056
10,8.27312183380127,0.3413897156715393,0.32930514216423035,0.4108761250972748,0.39274924993515015,0.36858007311820984,0.347432017326355,0.3897280991077423,0.3111782371997833,7.830550193786621,0.4406779706478119,0.4067796468734741,0.4406779706478119,0.49152541160583496,0.3050847351551056,0.4237288236618042,0.4237288236618042,0.32203391194343567
0,6.939101696014404,0.347432017326355,0.2537764310836792,0.3564954698085785,0.29607251286506653,0.3021148145198822,0.44712990522384644,0.33836859464645386,0.34441086649894714,6.958038330078125,0.37288135290145874,0.37288135290145874,0.35593220591545105,0.2711864411830902,0.4576271176338196,0.4406779706478119,0.35593220591545105,0.3050847351551056
1,9.443846702575684,0.3021148145198822,0.27492445707321167,0.3232628405094147,0.3021148145198822,0.32930514216423035,0.38368579745292664,0.33836859464645386,0.32930514216423035,8.907010078430176,0.33898305892944336,0.37288135290145874,0.38983049988746643,0.2542372941970825,0.4576271176338196,0.4067796468734741,0.37288135290145874,0.2711864411830902
2,9.373004913330078,0.3111782371997833,0.28096675872802734,0.32024168968200684,0.3081570863723755,0.36253777146339417,0.4108761250972748,0.3564954698085785,0.3413897156715393,8.806478500366211,0.33898305892944336,0.4067796468734741,0.35593220591545105,0.2711864411830902,0.4576271176338196,0.4067796468734741,0.38983049988746643,0.3050847351551056
3,8.974847793579102,0.32930514216423035,0.29909366369247437,0.3111782371997833,0.31419938802719116,0.34441086649894714,0.4350453317165375,0.34441086649894714,0.3262839913368225,8.474586486816406,0.35593220591545105,0.38983049988746643,0.33898305892944336,0.2542372941970825,0.47457626461982727,0.37288135290145874,0.4067796468734741,0.3050847351551056
4,8.871344566345215,0.34441086649894714,0.3413897156715393,0.3564954698085785,0.2930513620376587,0.34441086649894714,0.4199395775794983,0.3746223449707031,0.3716011941432953,8.404617309570312,0.33898305892944336,0.38983049988746643,0.38983049988746643,0.23728813230991364,0.47457626461982727,0.32203391194343567,0.4237288236618042,0.2881355881690979
5,9.031718254089355,0.3564954698085785,0.2779456079006195,0.347432017326355,0.30513596534729004,0.3081570863723755,0.4350453317165375,0.335347443819046,0.3867069482803345,8.476486206054688,0.33898305892944336,0.32203391194343567,0.37288135290145874,0.23728813230991364,0.47457626461982727,0.32203391194343567,0.4237288236618042,0.2881355881690979
6,9.173494338989258,0.35347431898117065,0.35347431898117065,0.3746223449707031,0.3081570863723755,0.36253777146339417,0.36858007311820984,0.365558922290802,0.3746223449707031,8.617923736572266,0.35593220591545105,0.3050847351551056,0.4067796468734741,0.22033898532390594,0.47457626461982727,0.33898305892944336,0.4237288236618042,0.2881355881690979
7,9.16012191772461,0.335347443819046,0.3504531681537628,0.32024168968200684,0.347432017326355,0.33836859464645386,0.3987915515899658,0.35347431898117065,0.3867069482803345,8.636268615722656,0.35593220591545105,0.3050847351551056,0.4067796468734741,0.22033898532390594,0.47457626461982727,0.35593220591545105,0.4237288236618042,0.2881355881690979
8,9.214237213134766,0.3081570863723755,0.29003021121025085,0.30513596534729004,0.317220538854599,0.3232628405094147,0.44712990522384644,0.34441086649894714,0.3867069482803345,8.562976837158203,0.33898305892944336,0.32203391194343567,0.37288135290145874,0.23728813230991364,0.47457626461982727,0.35593220591545105,0.4237288236618042,0.3050847351551056
9,8.963801383972168,0.38368579745292664,0.37764349579811096,0.3806646466255188,0.3262839913368225,0.3262839913368225,0.42296072840690613,0.335347443819046,0.3413897156715393,8.420681953430176,0.33898305892944336,0.32203391194343567,0.38983049988746643,0.3050847351551056,0.47457626461982727,0.35593220591545105,0.4067796468734741,0.3050847351551056
10,8.729673385620117,0.35951662063598633,0.35347431898117065,0.35347431898117065,0.3564954698085785,0.3504531681537628,0.3987915515899658,0.3413897156715393,0.365558922290802,8.219772338867188,0.33898305892944336,0.33898305892944336,0.38983049988746643,0.33898305892944336,0.47457626461982727,0.33898305892944336,0.4067796468734741,0.2711864411830902
0,6.196088790893555,0.3716011941432953,0.28096675872802734,0.39274924993515015,0.39274924993515015,0.3867069482803345,0.40181270241737366,0.3716011941432953,0.41691842675209045,6.585179328918457,0.4067796468734741,0.2881355881690979,0.4237288236618042,0.4067796468734741,0.35593220591545105,0.4406779706478119,0.47457626461982727,0.2881355881690979
1,8.66348648071289,0.37764349579811096,0.2930513620376587,0.4108761250972748,0.35347431898117065,0.3897280991077423,0.39274924993515015,0.39274924993515015,0.3867069482803345,8.763189315795898,0.37288135290145874,0.32203391194343567,0.4237288236618042,0.4067796468734741,0.35593220591545105,0.4406779706478119,0.49152541160583496,0.2881355881690979
2,8.57080364227295,0.34441086649894714,0.32024168968200684,0.3716011941432953,0.33836859464645386,0.38368579745292664,0.4108761250972748,0.35951662063598633,0.4199395775794983,8.581904411315918,0.37288135290145874,0.32203391194343567,0.4067796468734741,0.4067796468734741,0.35593220591545105,0.4406779706478119,0.49152541160583496,0.3050847351551056
3,8.41458797454834,0.40785497426986694,0.335347443819046,0.347432017326355,0.365558922290802,0.395770400762558,0.3987915515899658,0.33836859464645386,0.4290030300617218,8.441082000732422,0.4406779706478119,0.3050847351551056,0.4067796468734741,0.38983049988746643,0.35593220591545105,0.4237288236618042,0.508474588394165,0.3050847351551056
4,8.355294227600098,0.365558922290802,0.29909366369247437,0.36858007311820984,0.347432017326355,0.38368579745292664,0.40181270241737366,0.40785497426986694,0.4108761250972748,8.302600860595703,0.4406779706478119,0.3050847351551056,0.4067796468734741,0.38983049988746643,0.37288135290145874,0.4237288236618042,0.49152541160583496,0.3050847351551056
5,8.332137107849121,0.36253777146339417,0.29909366369247437,0.4138972759246826,0.3232628405094147,0.4048338234424591,0.4138972759246826,0.335347443819046,0.4048338234424591,8.222504615783691,0.4237288236618042,0.3050847351551056,0.4067796468734741,0.4067796468734741,0.37288135290145874,0.4237288236618042,0.49152541160583496,0.3050847351551056
6,8.209260940551758,0.3746223449707031,0.3262839913368225,0.39274924993515015,0.3716011941432953,0.3806646466255188,0.3806646466255188,0.3504531681537628,0.4290030300617218,8.194931983947754,0.4237288236618042,0.3050847351551056,0.38983049988746643,0.38983049988746643,0.37288135290145874,0.4067796468734741,0.49152541160583496,0.3050847351551056
7,8.351861953735352,0.39274924993515015,0.2719033360481262,0.3806646466255188,0.395770400762558,0.3867069482803345,0.37764349579811096,0.3867069482803345,0.4048338234424591,8.22507095336914,0.4067796468734741,0.3050847351551056,0.38983049988746643,0.38983049988746643,0.37288135290145874,0.38983049988746643,0.49152541160583496,0.3050847351551056
8,8.350215911865234,0.347432017326355,0.3232628405094147,0.3806646466255188,0.395770400762558,0.395770400762558,0.33836859464645386,0.3867069482803345,0.39274924993515015,8.241254806518555,0.4067796468734741,0.3050847351551056,0.4067796468734741,0.38983049988746643,0.37288135290145874,0.4067796468734741,0.4576271176338196,0.3050847351551056
9,8.290241241455078,0.34441086649894714,0.3564954698085785,0.3716011941432953,0.37764349579811096,0.4138972759246826,0.3806646466255188,0.39274924993515015,0.4108761250972748,8.18067741394043,0.38983049988746643,0.35593220591545105,0.4067796468734741,0.38983049988746643,0.38983049988746643,0.4067796468734741,0.4406779706478119,0.2881355881690979
10,8.202126502990723,0.37764349579811096,0.35951662063598633,0.38368579745292664,0.365558922290802,0.4048338234424591,0.47129908204078674,0.395770400762558,0.4108761250972748,8.062602996826172,0.4067796468734741,0.38983049988746643,0.4067796468734741,0.4067796468734741,0.38983049988746643,0.4237288236618042,0.4406779706478119,0.2881355881690979
0,6.40329122543335,0.347432017326355,0.3987915515899658,0.41691842675209045,0.34441086649894714,0.3232628405094147,0.27492445707321167,0.35951662063598633,0.30513596534729004,6.741125583648682,0.37288135290145874,0.5254237055778503,0.4406779706478119,0.508474588394165,0.20338982343673706,0.20338982343673706,0.49152541160583496,0.38983049988746643
1,8.263425827026367,0.34441086649894714,0.40181270241737366,0.3987915515899658,0.3504531681537628,0.3564954698085785,0.317220538854599,0.3897280991077423,0.335347443819046,8.192200660705566,0.37288135290145874,0.5254237055778503,0.4406779706478119,0.508474588394165,0.2881355881690979,0.20338982343673706,0.508474588394165,0.4067796468734741
2,7.95675802230835,0.33836859464645386,0.37764349579811096,0.395770400762558,0.3987915515899658,0.3232628405094147,0.3021148145198822,0.37764349579811096,0.35951662063598633,7.7181901931762695,0.37288135290145874,0.5254237055778503,0.4237288236618042,0.5254237055778503,0.2881355881690979,0.2881355881690979,0.508474588394165,0.4237288236618042
3,7.774734973907471,0.347432017326355,0.395770400762558,0.4108761250972748,0.365558922290802,0.36253777146339417,0.25679758191108704,0.34441086649894714,0.3262839913368225,7.510526657104492,0.35593220591545105,0.5254237055778503,0.47457626461982727,0.5423728823661804,0.2542372941970825,0.2711864411830902,0.49152541160583496,0.4237288236618042
4,7.755340576171875,0.33836859464645386,0.395770400762558,0.3987915515899658,0.35347431898117065,0.365558922290802,0.2930513620376587,0.38368579745292664,0.35951662063598633,7.523314476013184,0.33898305892944336,0.5254237055778503,0.4237288236618042,0.5423728823661804,0.2711864411830902,0.2711864411830902,0.47457626461982727,0.4406779706478119
5,7.736824035644531,0.34441086649894714,0.37764349579811096,0.3987915515899658,0.365558922290802,0.38368579745292664,0.32930514216423035,0.36253777146339417,0.32024168968200684,7.466010570526123,0.33898305892944336,0.5254237055778503,0.4406779706478119,0.5254237055778503,0.3050847351551056,0.3050847351551056,0.47457626461982727,0.4406779706478119
6,7.6797709465026855,0.34441086649894714,0.3867069482803345,0.40181270241737366,0.36858007311820984,0.3746223449707031,0.317220538854599,0.365558922290802,0.33836859464645386,7.389091491699219,0.35593220591545105,0.5254237055778503,0.4576271176338196,0.508474588394165,0.3050847351551056,0.35593220591545105,0.47457626461982727,0.4406779706478119
7,7.686114311218262,0.347432017326355,0.3987915515899658,0.40785497426986694,0.35347431898117065,0.365558922290802,0.3232628405094147,0.35951662063598633,0.36858007311820984,7.3568620681762695,0.35593220591545105,0.5254237055778503,0.4576271176338196,0.47457626461982727,0.2881355881690979,0.33898305892944336,0.47457626461982727,0.4237288236618042
8,7.777809143066406,0.3564954698085785,0.39274924993515015,0.40181270241737366,0.36858007311820984,0.38368579745292664,0.3021148145198822,0.36253777146339417,0.3262839913368225,7.482815742492676,0.33898305892944336,0.5254237055778503,0.4576271176338196,0.4576271176338196,0.3050847351551056,0.32203391194343567,0.47457626461982727,0.4406779706478119
9,7.783082962036133,0.3504531681537628,0.3806646466255188,0.39274924993515015,0.35951662063598633,0.3806646466255188,0.317220538854599,0.3413897156715393,0.33836859464645386,7.451737880706787,0.35593220591545105,0.5254237055778503,0.4576271176338196,0.4576271176338196,0.33898305892944336,0.38983049988746643,0.47457626461982727,0.38983049988746643
10,7.747053623199463,0.3867069482803345,0.38368579745292664,0.39274924993515015,0.3806646466255188,0.36253777146339417,0.25075528025627136,0.365558922290802,0.365558922290802,7.4156904220581055,0.35593220591545105,0.5254237055778503,0.4576271176338196,0.47457626461982727,0.32203391194343567,0.4067796468734741,0.47457626461982727,0.35593220591545105
0,6.431653022766113,0.3504531681537628,0.3232628405094147,0.3504531681537628,0.34441086649894714,0.35347431898117065,0.39274924993515015,0.33836859464645386,0.29607251286506653,6.666676998138428,0.4576271176338196,0.32203391194343567,0.4067796468734741,0.32203391194343567,0.35593220591545105,0.4067796468734741,0.4237288236618042,0.2711864411830902
1,8.927387237548828,0.4108761250972748,0.35951662063598633,0.3564954698085785,0.3262839913368225,0.3987915515899658,0.36858007311820984,0.36858007311820984,0.2839879095554352,8.875750541687012,0.4237288236618042,0.32203391194343567,0.4406779706478119,0.33898305892944336,0.35593220591545105,0.38983049988746643,0.47457626461982727,0.2881355881690979
2,8.833789825439453,0.347432017326355,0.35951662063598633,0.3413897156715393,0.36253777146339417,0.3504531681537628,0.4199395775794983,0.32024168968200684,0.28096675872802734,8.62338924407959,0.4406779706478119,0.3050847351551056,0.4237288236618042,0.3050847351551056,0.35593220591545105,0.35593220591545105,0.4237288236618042,0.2881355881690979
3,8.784287452697754,0.3746223449707031,0.3806646466255188,0.3504531681537628,0.3262839913368225,0.40181270241737366,0.37764349579811096,0.35347431898117065,0.3111782371997833,8.61656379699707,0.4406779706478119,0.32203391194343567,0.4067796468734741,0.32203391194343567,0.35593220591545105,0.37288135290145874,0.38983049988746643,0.2881355881690979
4,8.665522575378418,0.3806646466255188,0.36253777146339417,0.3987915515899658,0.335347443819046,0.3806646466255188,0.4138972759246826,0.34441086649894714,0.32024168968200684,8.471231460571289,0.4576271176338196,0.32203391194343567,0.4237288236618042,0.35593220591545105,0.37288135290145874,0.38983049988746643,0.4067796468734741,0.2711864411830902
5,8.59142017364502,0.36858007311820984,0.35951662063598633,0.3867069482803345,0.3232628405094147,0.37764349579811096,0.36253777146339417,0.37764349579811096,0.3323262929916382,8.30435562133789,0.4576271176338196,0.32203391194343567,0.4067796468734741,0.37288135290145874,0.38983049988746643,0.4067796468734741,0.4067796468734741,0.2542372941970825
6,8.462464332580566,0.4048338234424591,0.37764349579811096,0.365558922290802,0.31419938802719116,0.4138972759246826,0.365558922290802,0.3021148145198822,0.3323262929916382,8.246721267700195,0.4576271176338196,0.32203391194343567,0.4067796468734741,0.35593220591545105,0.38983049988746643,0.4067796468734741,0.38983049988746643,0.22033898532390594
7,8.591536521911621,0.35951662063598633,0.4048338234424591,0.395770400762558,0.335347443819046,0.395770400762558,0.3897280991077423,0.35951662063598633,0.3081570863723755,8.356966972351074,0.4406779706478119,0.32203391194343567,0.38983049988746643,0.35593220591545105,0.38983049988746643,0.4067796468734741,0.38983049988746643,0.22033898532390594
8,8.641769409179688,0.37764349579811096,0.365558922290802,0.3987915515899658,0.33836859464645386,0.3323262929916382,0.347432017326355,0.34441086649894714,0.3111782371997833,8.350483894348145,0.4406779706478119,0.35593220591545105,0.37288135290145874,0.37288135290145874,0.4067796468734741,0.38983049988746643,0.35593220591545105,0.23728813230991364
9,8.328153610229492,0.365558922290802,0.3897280991077423,0.39274924993515015,0.35347431898117065,0.3897280991077423,0.3504531681537628,0.3806646466255188,0.3564954698085785,8.126468658447266,0.4406779706478119,0.38983049988746643,0.38983049988746643,0.38983049988746643,0.38983049988746643,0.4406779706478119,0.37288135290145874,0.2542372941970825
10,8.14719295501709,0.4108761250972748,0.4138972759246826,0.44108760356903076,0.37764349579811096,0.395770400762558,0.37764349579811096,0.3232628405094147,0.3323262929916382,7.95155143737793,0.4576271176338196,0.4067796468734741,0.38983049988746643,0.38983049988746643,0.38983049988746643,0.4406779706478119,0.37288135290145874,0.2881355881690979
0,6.460007190704346,0.395770400762558,0.4290030300617218,0.29607251286506653,0.31419938802719116,0.32930514216423035,0.2537764310836792,0.38368579745292664,0.2688821852207184,6.833446979522705,0.4406779706478119,0.49152541160583496,0.22033898532390594,0.2881355881690979,0.3050847351551056,0.1525423675775528,0.38983049988746643,0.20338982343673706
1,9.02997875213623,0.4048338234424591,0.4138972759246826,0.27492445707321167,0.3262839913368225,0.34441086649894714,0.2719033360481262,0.38368579745292664,0.3413897156715393,9.121936798095703,0.4067796468734741,0.49152541160583496,0.2542372941970825,0.2881355881690979,0.3050847351551056,0.18644067645072937,0.38983049988746643,0.20338982343673706
2,9.070839881896973,0.40181270241737366,0.42296072840690613,0.29003021121025085,0.34441086649894714,0.35951662063598633,0.24773414433002472,0.3897280991077423,0.32024168968200684,8.897842407226562,0.4067796468734741,0.47457626461982727,0.23728813230991364,0.32203391194343567,0.32203391194343567,0.23728813230991364,0.4067796468734741,0.23728813230991364
3,8.818224906921387,0.4199395775794983,0.4773413836956024,0.3111782371997833,0.30513596534729004,0.3716011941432953,0.2688821852207184,0.38368579745292664,0.287009060382843,8.561437606811523,0.4067796468734741,0.4576271176338196,0.32203391194343567,0.3050847351551056,0.33898305892944336,0.2542372941970825,0.4067796468734741,0.2881355881690979
0,6.562246799468994,0.36253777146339417,0.2054380625486374,0.3232628405094147,0.3897280991077423,0.4048338234424591,0.35951662063598633,0.3564954698085785,0.32024168968200684,7.4447479248046875,0.35593220591545105,0.35593220591545105,0.37288135290145874,0.33898305892944336,0.35593220591545105,0.37288135290145874,0.32203391194343567,0.4576271176338196
1,8.718063354492188,0.3746223449707031,0.24471299350261688,0.3021148145198822,0.4048338234424591,0.43202418088912964,0.36858007311820984,0.32930514216423035,0.365558922290802,9.011241912841797,0.35593220591545105,0.33898305892944336,0.37288135290145874,0.33898305892944336,0.38983049988746643,0.37288135290145874,0.37288135290145874,0.4406779706478119
2,8.640680313110352,0.365558922290802,0.2296072542667389,0.3504531681537628,0.4108761250972748,0.40181270241737366,0.37764349579811096,0.3262839913368225,0.32930514216423035,8.566259384155273,0.35593220591545105,0.33898305892944336,0.35593220591545105,0.33898305892944336,0.37288135290145874,0.4237288236618042,0.37288135290145874,0.4406779706478119
3,8.632445335388184,0.35951662063598633,0.2688821852207184,0.3413897156715393,0.4138972759246826,0.3867069482803345,0.3867069482803345,0.40785497426986694,0.3323262929916382,8.400867462158203,0.37288135290145874,0.35593220591545105,0.33898305892944336,0.33898305892944336,0.38983049988746643,0.4067796468734741,0.38983049988746643,0.4406779706478119
4,8.344649314880371,0.3746223449707031,0.25679758191108704,0.3413897156715393,0.43202418088912964,0.3987915515899658,0.36858007311820984,0.36253777146339417,0.3564954698085785,8.181943893432617,0.37288135290145874,0.33898305892944336,0.33898305892944336,0.33898305892944336,0.38983049988746643,0.4067796468734741,0.38983049988746643,0.4576271176338196
5,8.412858009338379,0.3897280991077423,0.2537764310836792,0.36858007311820984,0.39274924993515015,0.3806646466255188,0.42296072840690613,0.33836859464645386,0.35347431898117065,8.125448226928711,0.38983049988746643,0.3050847351551056,0.33898305892944336,0.32203391194343567,0.38983049988746643,0.37288135290145874,0.37288135290145874,0.4406779706478119
0,6.7472615242004395,0.3564954698085785,0.2839879095554352,0.2719033360481262,0.3232628405094147,0.23262840509414673,0.335347443819046,0.3232628405094147,0.33836859464645386,7.57481575012207,0.37288135290145874,0.18644067645072937,0.16949152946472168,0.32203391194343567,0.20338982343673706,0.5254237055778503,0.3050847351551056,0.4406779706478119
1,9.9534273147583,0.347432017326355,0.25075528025627136,0.287009060382843,0.3021148145198822,0.23564954102039337,0.38368579745292664,0.3323262929916382,0.3413897156715393,10.208330154418945,0.38983049988746643,0.18644067645072937,0.16949152946472168,0.32203391194343567,0.20338982343673706,0.5254237055778503,0.3050847351551056,0.4237288236618042
2,9.865334510803223,0.35347431898117065,0.2537764310836792,0.22356495261192322,0.3111782371997833,0.2296072542667389,0.34441086649894714,0.347432017326355,0.3111782371997833,9.707796096801758,0.35593220591545105,0.23728813230991364,0.16949152946472168,0.3050847351551056,0.20338982343673706,0.5254237055778503,0.2881355881690979,0.4237288236618042
3,9.643872261047363,0.36253777146339417,0.29909366369247437,0.2719033360481262,0.3021148145198822,0.29003021121025085,0.3323262929916382,0.32930514216423035,0.31419938802719116,9.438682556152344,0.35593220591545105,0.2542372941970825,0.16949152946472168,0.32203391194343567,0.16949152946472168,0.508474588394165,0.2881355881690979,0.4067796468734741
4,9.588047981262207,0.40181270241737366,0.32024168968200684,0.29607251286506653,0.3232628405094147,0.2688821852207184,0.33836859464645386,0.33836859464645386,0.36253777146339417,9.341339111328125,0.33898305892944336,0.2881355881690979,0.18644067645072937,0.32203391194343567,0.18644067645072937,0.5254237055778503,0.2881355881690979,0.4237288236618042
5,9.424426078796387,0.44108760356903076,0.29607251286506653,0.25075528025627136,0.33836859464645386,0.2719033360481262,0.32930514216423035,0.3262839913368225,0.37764349579811096,9.128132820129395,0.35593220591545105,0.2711864411830902,0.20338982343673706,0.33898305892944336,0.1525423675775528,0.508474588394165,0.3050847351551056,0.4237288236618042
0,3.879784345626831,0.32930514216423035,0.21148036420345306,0.4108761250972748,0.36858007311820984,4.209810733795166,0.35593220591545105,0.18644067645072937,0.2881355881690979,0.4067796468734741
1,5.643697738647461,0.35347431898117065,0.22356495261192322,0.32024168968200684,0.38368579745292664,5.723647594451904,0.4067796468734741,0.18644067645072937,0.2881355881690979,0.4576271176338196
2,5.2677693367004395,0.3564954698085785,0.1993957757949829,0.3504531681537628,0.37764349579811096,5.256269931793213,0.4067796468734741,0.20338982343673706,0.2881355881690979,0.47457626461982727
3,5.209338665008545,0.35347431898117065,0.25075528025627136,0.347432017326355,0.35951662063598633,5.042784214019775,0.4067796468734741,0.20338982343673706,0.2881355881690979,0.4576271176338196
4,5.099769592285156,0.365558922290802,0.2386706918478012,0.35347431898117065,0.39274924993515015,5.000518321990967,0.4406779706478119,0.22033898532390594,0.3050847351551056,0.4576271176338196
5,4.977716445922852,0.335347443819046,0.2537764310836792,0.3867069482803345,0.3746223449707031,4.837124824523926,0.4406779706478119,0.20338982343673706,0.32203391194343567,0.4406779706478119
0,3.7120256423950195,0.27492445707321167,0.3323262929916382,0.3081570863723755,0.347432017326355,3.861706256866455,0.22033898532390594,0.4237288236618042,0.2711864411830902,0.3050847351551056
1,5.420547962188721,0.2779456079006195,0.365558922290802,0.31419938802719116,0.32024168968200684,5.386188507080078,0.22033898532390594,0.38983049988746643,0.2711864411830902,0.2881355881690979
2,5.426319599151611,0.287009060382843,0.37764349579811096,0.34441086649894714,0.32024168968200684,5.369802951812744,0.20338982343673706,0.35593220591545105,0.32203391194343567,0.3050847351551056
3,5.499094009399414,0.29909366369247437,0.3716011941432953,0.3111782371997833,0.37764349579811096,5.3555169105529785,0.20338982343673706,0.35593220591545105,0.33898305892944336,0.2881355881690979
4,5.462769031524658,0.3111782371997833,0.3746223449707031,0.317220538854599,0.3897280991077423,5.347683429718018,0.20338982343673706,0.33898305892944336,0.33898305892944336,0.3050847351551056
5,5.453140735626221,0.29003021121025085,0.3897280991077423,0.3323262929916382,0.347432017326355,5.321163654327393,0.22033898532390594,0.33898305892944336,0.37288135290145874,0.32203391194343567
0,3.6883161067962646,0.3589743673801422,0.2282051295042038,0.3512820601463318,0.3897435963153839,3.893433094024658,0.38461539149284363,0.18717949092388153,0.38717949390411377,0.3897435963153839
1,3.3062171936035156,0.4256410300731659,0.4307692348957062,0.40512821078300476,0.4923076927661896,3.5439321994781494,0.3461538553237915,0.34871795773506165,0.3897435963153839,0.3820512890815735
2,2.992363452911377,0.535897433757782,0.5743589997291565,0.47948718070983887,0.6000000238418579,3.418165922164917,0.38461539149284363,0.44871795177459717,0.39230769872665405,0.4025641083717346
3,2.7594056129455566,0.6384615302085876,0.6871795058250427,0.49743589758872986,0.6615384817123413,3.381723642349243,0.38717949390411377,0.44871795177459717,0.4076923131942749,0.4256410300731659
4,2.5154621601104736,0.7051281929016113,0.7076923251152039,0.49743589758872986,0.7076923251152039,3.3436319828033447,0.4307692348957062,0.46666666865348816,0.39230769872665405,0.42307692766189575
5,2.272203207015991,0.7820512652397156,0.7615384459495544,0.5179487466812134,0.8025640845298767,3.3230388164520264,0.4564102590084076,0.46666666865348816,0.42307692766189575,0.4153846204280853
6,1.9372514486312866,0.8307692408561707,0.8282051086425781,0.5333333611488342,0.8641025424003601,3.3208694458007812,0.4512820541858673,0.5153846144676208,0.42307692766189575,0.42820513248443604
7,1.7097216844558716,0.8615384697914124,0.8487179279327393,0.5666666626930237,0.9205127954483032,3.2924282550811768,0.5,0.5153846144676208,0.41794872283935547,0.44102564454078674
8,1.4976991415023804,0.8897435665130615,0.9025641083717346,0.5974358916282654,0.9230769276618958,3.277087926864624,0.5076923370361328,0.528205156326294,0.42820513248443604,0.45897436141967773
9,1.2752108573913574,0.8897435665130615,0.9230769276618958,0.6461538672447205,0.9256410002708435,3.2294251918792725,0.5179487466812134,0.5307692289352417,0.43589743971824646,0.4923076927661896
10,0.9947213530540466,0.9307692050933838,0.928205132484436,0.6692307591438293,0.9564102292060852,3.24019718170166,0.5384615659713745,0.5256410241127014,0.43589743971824646,0.4923076927661896
11,0.8404604196548462,0.9564102292060852,0.9666666388511658,0.6538461446762085,0.9512820243835449,3.3367676734924316,0.5384615659713745,0.5,0.45897436141967773,0.4743589758872986
12,0.6903074979782104,0.9538461565971375,0.9589743614196777,0.6487179398536682,0.9743589758872986,3.469022274017334,0.5076923370361328,0.5102564096450806,0.41025641560554504,0.47179487347602844
13,0.6316134333610535,0.964102566242218,0.964102566242218,0.728205144405365,0.9820512533187866,3.483934164047241,0.5076923370361328,0.535897433757782,0.4435897469520569,0.4923076927661896
14,0.5659341216087341,0.9820512533187866,0.9692307710647583,0.7435897588729858,0.9794871807098389,3.3995094299316406,0.5410256385803223,0.5153846144676208,0.4769230782985687,0.47948718070983887
15,0.41126757860183716,0.9794871807098389,0.9794871807098389,0.7923076748847961,0.9820512533187866,3.362027406692505,0.5384615659713745,0.49743589758872986,0.4769230782985687,0.5128205418586731
16,0.39377033710479736,0.9871794581413269,0.9846153855323792,0.8051282167434692,0.9794871807098389,3.550597667694092,0.5051282048225403,0.5,0.4615384638309479,0.528205156326294
17,0.32561272382736206,0.9820512533187866,0.9846153855323792,0.8358974456787109,0.9846153855323792,3.7288458347320557,0.5102564096450806,0.49743589758872986,0.46666666865348816,0.5153846144676208
18,0.3313971757888794,0.9846153855323792,0.9846153855323792,0.9128205180168152,0.9743589758872986,3.4780466556549072,0.5179487466812134,0.44871795177459717,0.46666666865348816,0.5435897707939148
19,0.29267701506614685,0.9871794581413269,0.9820512533187866,0.879487156867981,0.9820512533187866,4.007478713989258,0.45384615659713745,0.4512820541858673,0.4615384638309479,0.48974359035491943
20,0.3373670279979706,0.9820512533187866,0.9897435903549194,0.8615384697914124,0.9743589758872986,4.356827259063721,0.4769230782985687,0.4512820541858673,0.46666666865348816,0.45897436141967773
21,0.28077495098114014,0.9692307710647583,0.9846153855323792,0.8948717713356018,0.9743589758872986,4.23903226852417,0.4948717951774597,0.4615384638309479,0.4564102590084076,0.4384615421295166
22,0.2611948251724243,0.9820512533187866,0.9897435903549194,0.9051281809806824,0.9794871807098389,4.245634078979492,0.48461538553237915,0.482051283121109,0.46666666865348816,0.4564102590084076
23,0.23961934447288513,0.9923076629638672,0.9897435903549194,0.9307692050933838,0.9820512533187866,3.9785618782043457,0.48461538553237915,0.4743589758872986,0.4743589758872986,0.4923076927661896
24,0.16159486770629883,0.9948717951774597,0.9871794581413269,0.9179487228393555,0.9948717951774597,3.9605319499969482,0.5,0.4564102590084076,0.48974359035491943,0.5205128192901611
25,0.22038517892360687,0.9871794581413269,0.9846153855323792,0.9128205180168152,0.9897435903549194,4.034334659576416,0.4769230782985687,0.42820513248443604,0.48461538553237915,0.5
26,0.23677097260951996,0.9923076629638672,0.9923076629638672,0.9410256147384644,0.9871794581413269,4.116608142852783,0.47948718070983887,0.4564102590084076,0.47179487347602844,0.5128205418586731
27,0.167549267411232,0.9923076629638672,0.9923076629638672,0.9589743614196777,0.9871794581413269,4.370332717895508,0.4692307710647583,0.45897436141967773,0.4692307710647583,0.482051283121109
28,0.18134181201457977,0.9897435903549194,0.9948717951774597,0.9230769276618958,1.0,4.121099472045898,0.482051283121109,0.46666666865348816,0.46666666865348816,0.49743589758872986
29,0.19333814084529877,0.9948717951774597,0.9897435903549194,0.9692307710647583,0.9897435903549194,4.143035411834717,0.47179487347602844,0.4564102590084076,0.446153849363327,0.528205156326294
30,0.1952003687620163,0.9820512533187866,0.9871794581413269,0.9615384340286255,0.9820512533187866,4.286431789398193,0.4769230782985687,0.5,0.4692307710647583,0.5410256385803223
31,0.19373606145381927,0.9794871807098389,0.9871794581413269,0.9410256147384644,0.9769230484962463,3.876882791519165,0.5051282048225403,0.45897436141967773,0.5076923370361328,0.5692307949066162
32,0.2132759392261505,0.9820512533187866,0.9923076629638672,0.9487179517745972,0.9846153855323792,4.184305191040039,0.4692307710647583,0.44102564454078674,0.4743589758872986,0.5333333611488342
33,0.09488645195960999,0.9974358677864075,0.9974358677864075,0.9564102292060852,0.9948717951774597,4.539441108703613,0.464102566242218,0.44102564454078674,0.4615384638309479,0.5333333611488342
34,0.290040522813797,0.9948717951774597,0.9871794581413269,0.964102566242218,1.0,4.33156156539917,0.528205156326294,0.446153849363327,0.4564102590084076,0.5974358916282654
35,0.14756529033184052,0.9974358677864075,0.9794871807098389,0.9615384340286255,0.9923076629638672,3.8414995670318604,0.5538461804389954,0.5153846144676208,0.4948717951774597,0.6230769157409668
36,0.17504897713661194,0.9846153855323792,0.9820512533187866,0.9410256147384644,0.9923076629638672,3.7738213539123535,0.5564102530479431,0.5128205418586731,0.47179487347602844,0.6153846383094788
37,0.15896984934806824,0.9897435903549194,0.9948717951774597,0.9564102292060852,0.9846153855323792,4.203470706939697,0.5333333611488342,0.5461538434028625,0.4923076927661896,0.5897436141967773
38,0.06545763462781906,0.9974358677864075,1.0,0.9666666388511658,0.9974358677864075,4.477197170257568,0.5025641322135925,0.5128205418586731,0.4948717951774597,0.5948718190193176
39,0.1672879010438919,0.9897435903549194,0.9974358677864075,0.9692307710647583,0.9923076629638672,4.6950459480285645,0.5,0.5076923370361328,0.49743589758872986,0.5564102530479431
40,0.2649451792240143,0.9871794581413269,0.9948717951774597,0.9769230484962463,0.9897435903549194,3.8809266090393066,0.5205128192901611,0.5923076868057251,0.5333333611488342,0.5666666626930237
41,0.1285046637058258,1.0,0.9974358677864075,0.9743589758872986,0.9974358677864075,3.8115479946136475,0.5307692289352417,0.5948718190193176,0.5512820482254028,0.5794872045516968
42,0.21708622574806213,0.9846153855323792,0.9923076629638672,0.9769230484962463,0.9820512533187866,3.8280704021453857,0.5179487466812134,0.5923076868057251,0.5128205418586731,0.6128205060958862
43,0.24122248589992523,0.9846153855323792,0.9897435903549194,0.971794843673706,0.9948717951774597,3.3393654823303223,0.5871794819831848,0.6128205060958862,0.5666666626930237,0.6358974575996399
44,0.11560607701539993,0.9923076629638672,0.9948717951774597,0.971794843673706,0.9974358677864075,2.8343048095703125,0.6461538672447205,0.6641025543212891,0.5743589997291565,0.6487179398536682
45,0.17391274869441986,0.9820512533187866,0.9897435903549194,0.9846153855323792,0.9897435903549194,2.7809183597564697,0.6948717832565308,0.735897421836853,0.5666666626930237,0.6589743494987488
46,0.10104913264513016,0.9923076629638672,0.9948717951774597,0.9846153855323792,0.9974358677864075,2.984833240509033,0.7153846025466919,0.6897435784339905,0.5923076868057251,0.6692307591438293
47,0.15237084031105042,1.0,0.9923076629638672,0.9871794581413269,0.9897435903549194,2.540799140930176,0.771794855594635,0.7153846025466919,0.6307692527770996,0.7256410121917725
48,0.2268390953540802,0.9871794581413269,0.9923076629638672,0.9461538195610046,0.9820512533187866,3.225241184234619,0.6589743494987488,0.6512820720672607,0.5538461804389954,0.6589743494987488
49,0.11355032026767731,0.9897435903549194,0.9897435903549194,0.9666666388511658,0.9974358677864075,2.4202044010162354,0.7512820363044739,0.7487179636955261,0.620512843132019,0.7384615540504456
50,0.18947766721248627,0.9897435903549194,0.9871794581413269,0.9897435903549194,0.9923076629638672,1.9627430438995361,0.7948718070983887,0.7923076748847961,0.6717948913574219,0.7333333492279053
51,0.08653999119997025,0.9897435903549194,0.9974358677864075,0.9794871807098389,0.9974358677864075,1.8787684440612793,0.8153846263885498,0.7615384459495544,0.6692307591438293,0.7512820363044739
52,0.10230224579572678,0.9974358677864075,0.9846153855323792,0.9820512533187866,0.9923076629638672,1.6465587615966797,0.8153846263885498,0.8102564215660095,0.6794871687889099,0.8179486989974976
53,0.11247929185628891,0.9923076629638672,0.9871794581413269,0.9692307710647583,0.9897435903549194,1.1720713376998901,0.8564102649688721,0.8641025424003601,0.7076923251152039,0.8358974456787109
54,0.1472642719745636,0.9948717951774597,0.9897435903549194,0.9794871807098389,0.9820512533187866,1.40402352809906,0.8205128312110901,0.879487156867981,0.6692307591438293,0.8256410360336304
55,0.10537069290876389,0.9974358677864075,0.9948717951774597,0.9794871807098389,0.9871794581413269,1.279367208480835,0.807692289352417,0.8717948794364929,0.6974359154701233,0.8641025424003601
56,0.09594932198524475,0.9923076629638672,0.9897435903549194,0.9820512533187866,1.0,0.9365466833114624,0.8615384697914124,0.9051281809806824,0.7538461685180664,0.9102563858032227
57,0.1102805882692337,0.9897435903549194,0.9897435903549194,0.971794843673706,1.0,1.2345486879348755,0.8487179279327393,0.8461538553237915,0.6948717832565308,0.8615384697914124
58,0.2170889973640442,0.9948717951774597,0.9948717951774597,0.9820512533187866,0.9923076629638672,1.128865361213684,0.8897435665130615,0.8179486989974976,0.7384615540504456,0.8846153616905212
59,0.11103300005197525,0.9948717951774597,0.9923076629638672,0.9871794581413269,0.9948717951774597,0.8927977085113525,0.892307698726654,0.843589723110199,0.7871794700622559,0.9128205180168152
60,0.1150149255990982,0.9974358677864075,0.9974358677864075,0.971794843673706,0.9871794581413269,0.9780477285385132,0.8846153616905212,0.8102564215660095,0.7820512652397156,0.9256410002708435
61,0.16916337609291077,0.9846153855323792,0.9923076629638672,0.9846153855323792,0.9897435903549194,0.9230808019638062,0.9025641083717346,0.8410256505012512,0.7615384459495544,0.9461538195610046
62,0.06332731992006302,0.9948717951774597,1.0,0.9846153855323792,0.9923076629638672,1.0023356676101685,0.9102563858032227,0.8282051086425781,0.7410256266593933,0.9051281809806824
63,0.10225948691368103,0.9974358677864075,0.9948717951774597,0.9794871807098389,0.9948717951774597,0.6064453721046448,0.9384615421295166,0.9179487228393555,0.800000011920929,0.9205127954483032
64,0.07808719575405121,0.9948717951774597,0.9974358677864075,0.9769230484962463,0.9948717951774597,0.4857260584831238,0.9153845906257629,0.9384615421295166,0.8717948794364929,0.971794843673706
65,0.056033987551927567,0.9974358677864075,0.9974358677864075,0.9846153855323792,0.9923076629638672,0.3512326776981354,0.9512820243835449,0.971794843673706,0.892307698726654,0.9666666388511658
66,0.08592531085014343,0.9923076629638672,0.9923076629638672,0.9743589758872986,0.9948717951774597,0.3188154399394989,0.9794871807098389,0.964102566242218,0.892307698726654,0.9538461565971375
67,0.13698069751262665,0.9897435903549194,0.9948717951774597,0.9666666388511658,0.9923076629638672,0.30646073818206787,0.9794871807098389,0.971794843673706,0.8999999761581421,0.9666666388511658
68,0.10467489063739777,0.9948717951774597,0.9923076629638672,0.9769230484962463,0.9948717951774597,0.48093703389167786,0.9461538195610046,0.9666666388511658,0.8564102649688721,0.9538461565971375
69,0.06698232144117355,0.9948717951774597,0.9871794581413269,0.9769230484962463,1.0,0.42964860796928406,0.964102566242218,0.9435897469520569,0.8692307472229004,0.9589743614196777
70,0.10413754731416702,0.9897435903549194,0.9948717951774597,0.9692307710647583,0.9923076629638672,0.3573964238166809,0.9769230484962463,0.9666666388511658,0.8615384697914124,0.9615384340286255
71,0.18285813927650452,0.9948717951774597,0.9897435903549194,0.9846153855323792,0.9846153855323792,0.42418143153190613,0.964102566242218,0.9589743614196777,0.8871794939041138,0.9564102292060852
72,0.09675697237253189,1.0,0.9897435903549194,0.9871794581413269,0.9948717951774597,0.25154227018356323,0.9794871807098389,0.9794871807098389,0.928205132484436,0.9794871807098389
73,0.07853599637746811,1.0,0.9974358677864075,0.9769230484962463,0.9948717951774597,0.24318549036979675,0.9769230484962463,0.9897435903549194,0.9435897469520569,0.9692307710647583
74,0.20433466136455536,0.9897435903549194,0.9948717951774597,0.9974358677864075,0.9948717951774597,0.20702208578586578,0.9923076629638672,0.9897435903549194,0.9538461565971375,0.9743589758872986
75,0.028021924197673798,1.0,0.9974358677864075,0.9846153855323792,0.9974358677864075,0.21020641922950745,0.9846153855323792,0.9974358677864075,0.9410256147384644,0.9589743614196777
76,0.06722729653120041,1.0,0.9974358677864075,0.9820512533187866,0.9948717951774597,0.12368281930685043,0.9974358677864075,0.9948717951774597,0.9358974099159241,0.9666666388511658
77,0.11564981937408447,0.9974358677864075,0.9948717951774597,0.9897435903549194,0.9923076629638672,0.15624529123306274,0.9897435903549194,0.9923076629638672,0.9128205180168152,0.9666666388511658
78,0.1286165714263916,0.9974358677864075,0.9923076629638672,0.9820512533187866,0.9948717951774597,0.17401239275932312,0.9769230484962463,0.9846153855323792,0.9153845906257629,0.9769230484962463
79,0.06590903550386429,0.9974358677864075,1.0,0.9923076629638672,0.9897435903549194,0.22119364142417908,0.9871794581413269,0.9666666388511658,0.9358974099159241,0.9589743614196777
80,0.1019478365778923,0.9974358677864075,0.9846153855323792,0.9846153855323792,0.9948717951774597,0.06000170856714249,0.9923076629638672,1.0,0.9666666388511658,0.9923076629638672
81,0.09864398837089539,0.9897435903549194,0.9923076629638672,0.9794871807098389,0.9871794581413269,0.11522933095693588,0.9923076629638672,0.9897435903549194,0.9461538195610046,0.9974358677864075
82,0.13983525335788727,1.0,0.9923076629638672,0.9692307710647583,0.9923076629638672,0.13770923018455505,0.9846153855323792,0.9923076629638672,0.9205127954483032,0.9846153855323792
83,0.13473829627037048,0.9948717951774597,0.9923076629638672,0.9948717951774597,0.9974358677864075,0.15151914954185486,0.9871794581413269,0.9794871807098389,0.9461538195610046,0.9923076629638672
84,0.09762702882289886,0.9948717951774597,0.9974358677864075,0.9948717951774597,0.9948717951774597,0.3146311044692993,0.9666666388511658,0.9512820243835449,0.8999999761581421,0.9794871807098389
85,0.05285057798027992,1.0,0.9974358677864075,0.9871794581413269,1.0,0.2732570469379425,0.9820512533187866,0.9538461565971375,0.9589743614196777,0.971794843673706
86,0.07891751825809479,0.9923076629638672,0.9948717951774597,0.971794843673706,0.9948717951774597,0.3213486969470978,0.9743589758872986,0.9384615421295166,0.9205127954483032,0.9769230484962463
87,0.07984046638011932,0.9974358677864075,0.9923076629638672,0.9769230484962463,0.9948717951774597,0.3578443229198456,0.964102566242218,0.9179487228393555,0.9256410002708435,0.964102566242218
88,0.09058742225170135,0.9974358677864075,0.9923076629638672,0.9923076629638672,0.9897435903549194,0.20090427994728088,0.9820512533187866,0.9820512533187866,0.9564102292060852,0.9794871807098389
89,0.07922586798667908,0.9923076629638672,1.0,0.9923076629638672,0.9923076629638672,0.222355917096138,0.9820512533187866,0.971794843673706,0.9410256147384644,0.9769230484962463
90,0.054126206785440445,0.9948717951774597,0.9948717951774597,0.9871794581413269,0.9923076629638672,0.19832633435726166,0.9743589758872986,0.9769230484962463,0.9256410002708435,0.9871794581413269
91,0.04663366451859474,0.9974358677864075,1.0,0.9820512533187866,0.9948717951774597,0.16107948124408722,0.9820512533187866,0.9743589758872986,0.9384615421295166,0.9871794581413269
92,0.04960266500711441,1.0,1.0,0.9743589758872986,0.9974358677864075,0.09030144661664963,0.9897435903549194,0.9923076629638672,0.9333333373069763,0.9923076629638672
93,0.1587887704372406,1.0,0.9948717951774597,0.9846153855323792,0.9897435903549194,0.07485765963792801,0.9948717951774597,0.9871794581413269,0.9794871807098389,0.9974358677864075
94,0.28084796667099,0.9923076629638672,1.0,0.9897435903549194,0.9897435903549194,0.08367922902107239,1.0,0.9871794581413269,0.9666666388511658,0.9923076629638672
95,0.18547670543193817,0.9948717951774597,0.9948717951774597,0.9897435903549194,0.9923076629638672,0.08097420632839203,0.9897435903549194,0.9923076629638672,0.9666666388511658,0.9923076629638672
96,0.10657306015491486,0.9923076629638672,0.9923076629638672,0.9871794581413269,0.9923076629638672,0.1821254938840866,0.9743589758872986,0.9871794581413269,0.9179487228393555,0.9743589758872986
97,0.09447082877159119,0.9948717951774597,0.9948717951774597,0.9846153855323792,0.9923076629638672,0.3732430040836334,0.9820512533187866,0.971794843673706,0.9205127954483032,0.9410256147384644
98,0.09922642260789871,1.0,0.9923076629638672,0.9897435903549194,0.9974358677864075,0.24164555966854095,0.9794871807098389,0.9666666388511658,0.9102563858032227,0.971794843673706
99,0.0627717524766922,0.9974358677864075,0.9948717951774597,0.9871794581413269,0.9923076629638672,0.239323690533638,0.9871794581413269,0.9692307710647583,0.9589743614196777,0.9589743614196777
